:020000040800F2
:10000000000002206D220008791D0008811D0008F3
:10001000851D0008891D00088D1D000800000000D6
:10002000000000000000000000000000911D00081A
:10003000951D000800000000991D00089D1D000886
:10004000BD220008BD220008BD220008BD22000814
:10005000BD220008BD220008BD220008BD22000804
:10006000BD220008BD220008BD220008BD220008F4
:10007000BD220008BD220008BD220008BD220008E4
:10008000BD220008BD220008A11D0008BD220008F5
:10009000BD1D0008BD220008BD220008BD220008C9
:1000A000BD220008C91D0008BD220008BD220008AD
:1000B000E51D0008BD220008BD220008BD22000881
:1000C000BD220008BD220008BD220008BD22000894
:1000D000BD220008BD220008BD220008BD22000884
:1000E000BD220008BD220008BD220008BD22000874
:1000F000F91D0008BD220008BD220008BD2200082D
:10010000BD220008BD220008BD220008BD22000853
:10011000BD220008BD220008BD220008BD22000843
:10012000BD220008BD220008BD220008BD22000833
:10013000BD220008BD220008BD220008BD22000823
:10014000BD220008BD220008BD220008BD22000813
:10015000BD220008BD220008BD220008BD22000803
:10016000BD220008BD220008BD220008BD220008F3
:10017000BD220008BD220008BD220008BD220008E3
:10018000BD220008BD220008BD220008BD220008D3
:10019000BD22000800000000051E0008BD22000866
:1001A000BD220008BD220008BD220008BD220008B3
:1001B000BD220008BD220008BD220008BD220008A3
:1001C000BD220008BD220008BD220008BD22000893
:0801D000BD220008BD22000859
:1001E00010B5054C237833B9044B13B10448AFF371
:1001F00000800123237010BD3C0C00200000000093
:10020000B0BE000808B5034B1BB103490348AFF368
:10021000008008BD00000000400C0020B0BE0008B7
:1002200003685A004CBF43F0004323F000431844D6
:10023000704700BF2DE9F84329B34F1E0446154609
:100240003E464FF0000808EB060101EBD171491062
:1002500004EBC1094846FFF7E3FF0346C800083036
:100260008F42204409D0AB4209D8FFF7D9FF0138AB
:10027000A8420AD201F10108E5E7AB4205D9884559
:1002800001D04E1EDFE74FF000094846BDE8F88375
:10029000012807D0022807D0044B00280CBF1846BD
:1002A00000207047024870470248704769090008FB
:1002B0006D0900087109000830B5234B83B004466E
:1002C0008D1E3BB301A92846AFF30080E8B1019928
:1002D0002A46FFF7AFFF0146B8B1FFF7A1FF4B6811
:1002E000A064012B2CD0002B01F1040024DBFFF7CC
:1002F00097FF0023C4E913030368002B11DBFFF70A
:100300008FFF2061002003B030BD0023092023614E
:1003100003B030BD0D4B0E49C91AC91018460191E2
:10032000D6E7C3F30360FFF7B3FF0028206114BFD3
:100330000020092003B030BD0123C4E91303DBE72B
:10034000002323610520DEE7000000001CDE00081A
:10035000F4DF00080368DA0710B5044606D49B07EB
:1003600000F1480009D500F05BFC2368590709D566
:100370001A070ED5DB0613D510BD00F049FC236823
:100380005907F5D404F1D00000F052FC23681A0795
:10039000F0D404F5A87000F053FC2368DB06EBD41E
:1003A00004F5E870BDE8104000F08EBC09207047ED
:1003B0000346006800B11844704700BF704700BF93
:1003C00070B504460E46316C2046FFF775FF0546B2
:1003D00088B9326C62612369324621460120984710
:1003E0000828F0D0072806D12846316CFFF7E6FF31
:1003F000301D00F001FC0BF09FFA00BF2DE9F04723
:100400000D1DD0F80C80D0F81890074614460FCD7B
:10041000ADF5727D0DF10C0CACE80F000FCDACE822
:100420000F000FCDACE80F0095E80F0002AE4FF0C3
:10043000000E8CE80F00C6F800E020E0336C7B6112
:100440004FF4F07231467AA800F054FE3B697AAA64
:10045000394650469847889B73642146CDE9006928
:1004600005463B463A460120C0470446E0B94FF4F2
:10047000F0727AA9304600F03DFE082D1AD1316C99
:100480003846FFF719FF09345FFA84FA0546002859
:10049000D4D0B36B73643A46CDE900693B464AF069
:1004A00010010120C04700B1092528460DF5727DD5
:1004B000BDE8F087072DF7D12046316CFFF77EFFAE
:1004C00003A800F099FB00BF406C7047F0B5CB6B00
:1004D0000B6401F1040C0E460546BCE80F00F9B0B0
:1004E00001AC0FC4BCE80F000FC4BCE80F000FC480
:1004F0009CE80F004FF0FF3784E80F00009706E0FC
:100500002B696A46294698470828044608D110995D
:100510002846FFF7D1FE0028F2D0092079B0F0BDBF
:100520006846FFF717FF062CF7D131462846FFF73C
:1005300047FF00BFC160D96B826119640022194670
:100540005CE700BF70B5C66843690B64AEB9036968
:100550000A4604460D46014602209847072805D062
:1005600008280FD129462046FFF72AFF3046296C7C
:10057000FFF724FF281D00F03FFB0122FFF73EFF9D
:100580000BF0DAF90BF0D8F9C2681AB1CA6B0A6439
:10059000002233E79AE700BF704700BF8368014637
:1005A0000BB1012018477047012912D009D873B93F
:1005B0000F2A0CD800EB820218465368009A136089
:1005C00070470339012994BF01200220704702209F
:1005D00070470846704700BF00B585B00A46002343
:1005E00003A900911946FFF7DFFF039805B05DF8F6
:1005F00004FB00BF012912D009D873B90F2A0CD807
:1006000000EB8200009A1268426018467047033976
:10061000012994BF0120022070470220704708463C
:10062000704700BF10B584B0002303AC0392009460
:100630000A461946FFF7DEFF04B010BD70B5D36B54
:10064000136402F1040C05460C46BCE80F00ADF53E
:100650000E7D0DF15C0EAEE80F00BCE80F00AEE8B9
:100660000F00BCE80F00AEE80F009CE80F004FF051
:10067000FF368EE80F00169610E0FFF7D3FF2146F5
:1006800016A8A847034616AA6946082083B9049B02
:100690009847052806460CD0092809D026996846AF
:1006A000FFF70AFE03466A460C2116A8002BE4D089
:1006B000092616A8FFF74EFE30460DF50E7D70BDDB
:1006C0002DE9F04FCC6C89B01E4654F8043B0694DB
:1006D0000D46174600F00308002E79D01A0C1B04B3
:1006E00005938DF81D200223D2B204EB82048DF80D
:1006F0001C302B6DB8F1020F08BFAC6B13F0010377
:100700000CD005A9384600F079FB18B9082009B0CB
:10071000BDE8F08F092009B0BDE8F08FD4F800A043
:10072000BAF1000FEDD0019300F008030293022EFE
:100730004AD0B4F800A0B4F802900434AB6C29F0AD
:10074000010B0F2138469B44FFF746FF834539D8FC
:100750002AF001039B44834594BF002001204FEA07
:10076000490303F002030AF0010A43EA0A03012BDA
:1007700049D0022B32D0002BCCD1B8F1000F02D0DF
:10078000002840F0CD800434D4F800A0BAF1000F66
:10079000CDD105A9384600F031FB0028BAD1019B24
:1007A000002BB3D00F213846FFF716FF0E2102466B
:1007B0003846FFF737FF38466A4A0F21FFF732FF06
:1007C0000720A8E70020CAE7D4F804900834B5E76A
:1007D0001B0205930323ADF81C308AE7236823F03E
:1007E000004BB8F1000F45D128B1029A002A5CD025
:1007F000BBF1000F74D0002B00DA04340BF1010BB5
:1008000004EB8B04C0E7B8F1000F19D1B0B16368F5
:100810002268991C4FEAD2723FF47CAF05F158016F
:100820000133049100F09080201DFFF7C1FD04AB5F
:1008300001462846AFF3008000285BD10834A3E7C7
:100840000D213846D5F82090FFF7C6FE8145F5D139
:10085000AB6A9C42F2D12046FFF7E2FC0F21024630
:100860003846FFF7DFFE38462A460021FFF7DAFE5A
:10087000072050E70D213846D5F82090FFF7ACFE51
:10088000814501D02368B6E7AB6A9C42FAD10423C4
:100890000022C5E90B23E318C5F828B06B63236871
:1008A000002B59DB01230193A8E705F15803CDF88C
:1008B0000C8004F1040AB04691461E460EE05046F4
:1008C0000496FFF775FD0022014604AB284609F1A6
:1008D00001090AF1040AAFF30080E0B9D945EED16D
:1008E0000D213846FFF778FE049BAC62C5E908038A
:1008F000062010E781460D213846FFF76DFEB9F15D
:10090000020F286225D12B46049A43F82C2F6B62E4
:10091000AC620620FFE646462368DDF80C806AE7F5
:100920002046FFF77DFC04340246AC63284614469B
:10093000AFF3008000283FF4EDAE384622460F2189
:10094000FFF770FE0720E6E60D213846FFF744FE6C
:100950002862049B6B62DBE70BF1010004EB800073
:100960007AE700BF000000000023A9E60123A7E604
:100970000223A5E62DE9F0430646C3B015461C4602
:10098000042900F2BF80DFE801F09E57BD2D03006F
:10099000002C40F0B780102A00F2B4800368D8061B
:1009A00000F1F98020AF384600F098F9B46B394671
:1009B00000234FF0010C0CFA03F22A42204603F107
:1009C000010303D050F8042B0A600446042B01F104
:1009D0000401F0D13846B46300F076F9002043B04A
:1009E000BDE8F083032C40F08D8094B204EB1243F9
:1009F000102B4FEA124500F2858003681F0700F1B3
:100A0000D28020AF384600F03DF9B26B07EBC5014C
:100A100054B10B46D01A01EBC401E4001D5843F851
:100A2000045B8B42FAD122443846B26300F008F9E5
:100A3000002043B0BDE8F083012C4FEA124895B284
:100A40005CD0052C5ED108EB0509B9F1200F59D80F
:100A5000B8F10F0F79D9A946002D40F08A80B36B09
:100A60006DB320AF4FF0000907EBC807043F03EB5D
:100A7000C50553F8041B47F8041FAB42F9D1B9F17F
:100A8000000F0FD06F464146102938BF102107EBE9
:100A9000C101843903EBC90553F8040B41F8040F75
:100AA000AB42F9D1012C00F08680B8F10F0FB5638D
:100AB00047D9B9F1000F02D0684600F0B9F800201C
:100AC00043B0BDE8F083ECB9806B23461FFA82FC8B
:100AD0000124371D04FA03F212EA0C0F014604D078
:100AE00051F8042B47F8232008460133102BF1D18D
:100AF00015F40055E3D1B063284604E008EB050384
:100B0000102B03D9022043B0BDE8F083B8F10F0FDA
:100B1000F8D83368DA0706D5304623F0030340F8E7
:100B2000483B00F079F820AF384600F075F8B36B19
:100B3000002D97D11D460435B563384600F068F89E
:100B4000BDE720A800F06CF8B3E7B9F1100F40D969
:100B5000A9F110093368D90708D523F001033046FD
:100B600043F0020340F8483B00F05EF8B9F1000F93
:100B700032D033685A0720D4B8F10F0F25D96F4609
:100B80003846C8F1100500F057F8002DB36B7FF719
:100B90007AAF20AF68E723F01003336006F5E87002
:100BA00000F09CF8FEE623F00803036000F5A8704F
:100BB00000F068F825E720AFBDE7304623F00403D6
:100BC00040F8D03B00F038F8D6E720A800F02CF829
:100BD000D5E74FF00009BDE7B8F10F0F3FF63FAF83
:100BE00020AF384600F020F8B36B002D7FF43AAF09
:100BF000384600F015F862E700F1340191E838005A
:100C00009C46A6464CF8045D90E8FF0FE54600BD03
:100C100090EC210B704700BF80EC210B704700BFA8
:100C200090EC200B704700BF80EC200B704700BF9A
:100C3000D0EC200B704700BFC0EC200B704700BF0A
:100C4000F0EC0201F0EC0211F0EC0221F0EC0231C8
:100C5000F0EC0241F0EC0251F0EC0261F0EC0271B8
:100C6000F0EC0281F0EC0291F0EC02A1F0EC02B1A8
:100C7000F0EC02C1F0EC02D1F0EC02E1F0EC02F198
:100C8000704700BFE0EC0201E0EC0211E0EC022151
:100C9000E0EC0231E0EC0241E0EC0251E0EC0261F8
:100CA000E0EC0271E0EC0281E0EC0291E0EC02A1E8
:100CB000E0EC02B1E0EC02C1E0EC02D1E0EC02E1D8
:100CC000E0EC02F1704700BFB0FC0181B0FC019183
:100CD000B0FC01A1B0FC01B1704700BFA0FC0181D4
:100CE000A0FC0191A0FC01A1A0FC01B1704700BFD4
:100CF000EC4600B52DE900502DE9FF1F4FF0000331
:100D00002DE90C0001A9FFF7E1FBDDF840E012B08E
:100D1000704700BFEC4600B52DE900502DE9FF1FDC
:100D20004FF000032DE90C0001A9FFF70BFCDDF8E3
:100D300040E012B0704700BFEC4600B52DE900500E
:100D40002DE9FF1F4FF000032DE90C0001A9FFF76B
:100D50001BFCDDF840E012B0704700BFEC4600B568
:100D60002DE900502DE9FF1F4FF000032DE90C0085
:100D700001ABFFF7DFFBDDF840E012B0704700BFCA
:100D8000EC4600B52DE900502DE9FF1F4FF00003A0
:100D90002DE90C0001AAFFF751FCDDF840E012B08C
:100DA000704700BF027A03467AB9427AA2B141681D
:100DB000013A10B44272086803220C1D1A72020232
:100DC0005C60000E10BC1A6070470068013A1A722D
:100DD00002021A60000E7047B020704700B585B05F
:100DE000002303AA009219460C22FFF7DDFB0398AB
:100DF00005B05DF804FB00BFF0E700BF2DE9F0434C
:100E0000054685B00E464FF000083046FFF7CAFF92
:100E1000B028044600F0BA80070620D500F0F003A1
:100E2000802B4DD0902B36D0A02B60D0B02B74D01F
:100E3000C02B00F08B8000F0F803D02B0BD100F01A
:100E400007020132052342F4002201212846FFF760
:100E500091FD0028D9D0092005B0BDE8F0838300BA
:100E6000DBB21F1D0DF10C0900231946CDF80090CF
:100E70000D222846FFF798FB039BCDF800906006F3
:100E80004CBFDF1BFF1800230D221946284603978D
:100E9000FFF7B0FBB9E700F00D030D2BDBD003AF7C
:100EA000002300F00F02194600972846FFF77CFB4D
:100EB000002300970D2219462846FFF79BFBA4E765
:100EC0003046FFF76FFF24022043B0F5004FC2D039
:100ED00004010023A2B219462846FFF74BFD002863
:100EE000B9D114F4004F18BF4FF001088DE7C24389
:100EF00002F007034FF47F621A41010702F47F6298
:100F00004FF0000348BF42F4804219462846FFF7DD
:100F100031FD00283FF479AF9DE7B1283BD0B228DE
:100F200000F09380B32841D000F0FC03B42B92D0A2
:100F300000F007020132012342F40022194628463C
:100F4000FFF718FD00283FF460AF84E7C6284AD0B9
:100F5000C72854D000F0F803C02B63D0C82868D04D
:100F6000C9287FF478AF3046FFF71CFF020300F07A
:100F70000F0002F4702201300243012105232846AC
:100F8000FFF7F8FC00283FF440AF64E7B8F1000F2A
:100F900018D0002060E73046FFF704FF0246002823
:100FA0003FF459AF10F0F003C8D054E73046FFF7D4
:100FB000F9FE020300F00F03013302F470221A431A
:100FC0000123BBE703AC43460E224146009428466A
:100FD000FFF7EAFA009443460F2241462846FFF7FE
:100FE00009FB404638E73046FFF7DCFE020300F01D
:100FF0000F03013302F470221A4303239EE73046A5
:10100000FFF7D0FE024600283FF425AF10F0F003B2
:101010007FF421AF04212846FFF7ACFC00283FF401
:10102000F4AE18E700F00F020132032342F420224D
:1010300084E73046FFF7B6FE00F0F00200F00F0341
:101040001032013343EA023297E700230DF10C0915
:101050000D221946CDF800902846FFF7A5FA304634
:10106000FFF7A0FE02064FF002040CD5039B00F030
:101070007F00A040184403903046FFF793FE03061C
:1010800004F10704F2D4039BCDF8009000F07F0236
:10109000A24003F501731A440023039219460D225E
:1010A0002846FFF7A7FAB0E610B5C26C536884B0C3
:1010B0004FF0030C08321C0208461B0E01A90194D4
:1010C00002928DF80CC08DF80D30FFF797FE04B03A
:1010D00010BD00BF08B5FFF78FFE806C08BD00BFD4
:1010E00008B5FFF789FEC06CC379023300EB8300BB
:1010F00008BD00BF844641EA000313F003036DD12D
:10110000403A41D351F8043B40F8043B51F8043BCA
:1011100040F8043B51F8043B40F8043B51F8043BD1
:1011200040F8043B51F8043B40F8043B51F8043BC1
:1011300040F8043B51F8043B40F8043B51F8043BB1
:1011400040F8043B51F8043B40F8043B51F8043BA1
:1011500040F8043B51F8043B40F8043B51F8043B91
:1011600040F8043B51F8043B40F8043B51F8043B81
:1011700040F8043B51F8043B40F8043B51F8043B71
:1011800040F8043B403ABDD2303211D351F8043B11
:1011900040F8043B51F8043B40F8043B51F8043B51
:1011A00040F8043B51F8043B40F8043B103AEDD2C0
:1011B0000C3205D351F8043B40F8043B043AF9D211
:1011C000043208D0D2071CBF11F8013B00F8013BE4
:1011D00001D30B8803806046704700BF082A13D3F1
:1011E0008B078DD010F003038AD0C3F10403D21A09
:1011F000DB071CBF11F8013B00F8013B80D331F83D
:10120000023B20F8023B7BE7043AD9D3013A11F8BC
:10121000013B00F8013BF9D20B7803704B78437027
:101220008B7883706046704700000000000000006B
:1012300000000000000000000000000000000000AE
:10124000A2EB0300704700BF02780B78012A28BF89
:101250009A42F5D16DE9044540EA0104CDE90267FF
:101260006FF0000C4FEA447212B380EA010414F0EC
:10127000070F6AD100F0070420F0070004F003050F
:1012800021F007014FEAC505F0E8042314F0040F2C
:10129000F1E804670CFA05F462EA040266EA04065F
:1012A0000AD063EA0403624667EA0407664603E07D
:1012B000F0E80423F1E8046782FA4CF582EA0604B8
:1012C000A4FA8CF46CBB83FA4CF583EA0705A5FA03
:1012D0008CF595B950E9022351E9026782FA4CF581
:1012E00082EA0604A4FA8CF483FA4CF583EA070533
:1012F000A5FA8CF52543DBD09CB92DBAB5FA85F457
:1013000024F0070427FA04F1DDE9026723FA04F365
:1013100003F0FF0001F0FF01FDE80445A0EB010030
:10132000704724BAB4FA84F424F0070426FA04F1CE
:10133000DDE9026722FA04F202F0FF0001F0FF018A
:10134000FDE80445A0EB0100704714F0030F3CD109
:1013500010F0030428D150F8082B51F8083B82FA0A
:101360004CF582EA0305A5FA8CF55DB950F8042C1A
:1013700051F8043C82FA4CF582EA0305A5FA8CF593
:10138000002DE8D02DBAB5FA85F424F0070423FA2D
:1013900004F122FA04F202F0FF0001F0FF01FDE87F
:1013A0000445A0EB010070474FEAC40420F003009D
:1013B00050F8082B21F0030151F8083B0CFA04F413
:1013C00062EA040263EA0403C9E710F003041AD0D6
:1013D000A1EB040120F00300E40750F8042B06D031
:1013E0000FD28B785FFAA2F4E41A06D12BB1CB7836
:1013F0005FFAB2F4E41A00D11BB920465DF8104B35
:10140000704701F1040150F8042BCC0721F00301CF
:1014100051F8043B48D824D222F07F4482FA4CF59C
:1014200094EA1325A5FA8CF50AD165B951F8043B65
:1014300084EA0204B4EB036F0ED150F8042BEBE7FF
:101440004FEA132355E035F07F454DD10878FDE88C
:101450000445C0F1000070474FEA126203F0FF0339
:1014600047E002EA1C4482FA4CF594EA1345A5FAD7
:101470008CF50AD165B951F8043B84EA0204B4EB57
:10148000034F0CD150F8042BEBE74FEA134330E045
:1014900015EA1C4528D10B884FEA124229E04FEA91
:1014A000124203EA1C4324E002F0FF0482FA4CF5E6
:1014B00094EA1365A5FA8CF50AD165B951F8043B95
:1014C00084EA0204B4EB032F09D150F8042BEBE7B4
:1014D0004FEA13630DE015F0FF0F05D10B684FEADB
:1014E000122223F07F4304E04FF00000FDE80445A2
:1014F000704712BA1BBA82FA4CF482EA0304A4FAC7
:101500008CF5B5FA85F402FA04F203FA04F34FEA13
:101510001260FDE80445A0EB13607047CB0709D5C6
:101520000368114A934210B5044611D00F4A934202
:1015300001D010BD70470E4B2046A3F12802402178
:1015400001F038FF0B4B0C481B68BDE810401847F2
:10155000074B4021A3F1280201F02CFF074B06485E
:101560001B6898472368E1E700640040006800407A
:10157000B00C0020BC0C0020880C0020B80C00200F
:101580000B0709D50368114A934210B5044611D0E0
:101590000F4A934201D010BD70470E4B2046A3F175
:1015A0002802412101F006FF0B4B0C481B68BDE8E7
:1015B00010401847074B4121A3F1280201F0FAFE21
:1015C000074B06481B6898472368E1E70064004022
:1015D00000680040800C0020BC0C0020580C00204B
:1015E000B80C002010B5002492B03C22214603A87C
:1015F000CDE9004402940AF0DFF933484FF4A01219
:101600004FF0A0410123C0E9001284830422C0E905
:101610000244C0E904438261036280F8244080F8F8
:101620003840C46380F8404000F0A4FE00283AD15E
:10163000002325480093694601F058FC00283FD15B
:1016400022492148032209240023CDE903140592ED
:101650009C210B924FF48072CDE90D120893ADF8E6
:1016600030308DF832308DF83C307F22042303A9CE
:10167000CDE9062301F00CF9F8B9154A124840F2F9
:101680000F1303A9CDE9032301F002F990B9114A20
:101690000D4840F2152303A9CDE9032301F0F8F822
:1016A00020B912B010BD00F0E3FAC1E700F0E0FA93
:1016B00012B010BD00F0DCFAE9E700F0D9FADCE77F
:1016C00000F0D6FABCE700BFC40C002002003004D2
:1016D000040060080800900C10B590B03C22002176
:1016E00001A80AF069F9264C264800234FF4A011FE
:1016F0000122C0E9004183830421C0E90233C0E92B
:1017000004328161026280F8243080F83830C3638B
:1017100080F8403000F02EFE38BB1B4919480422E7
:1017200009240023CDE901140392022105929C2291
:1017300006930991ADF828308DF82A300B928DF878
:10174000343080227F2301A90C92049301F0A0F889
:1017500090B90E4A0B4840F20F1301A9CDE90123BD
:1017600001F096F820B910B010BD00F081FAD4E76E
:1017700000F07EFA10B010BD00F07AFAE9E700BF81
:1017800000010050300D00208000501D000180211C
:1017900030B504469FB00021542209A8CDE90411B8
:1017A000CDE9061108910AF007F92368B3F1A04FBB
:1017B00004D0384A93423BD01FB030BD4FF40042B2
:1017C0004FF0005309A809921A9303F0D3FE0028A2
:1017D00059D1314A13680133012B136009D12F4BC2
:1017E000DA6C42F40052DA64DB6C03F400530093C9
:1017F000009B2A4BD96C41F00101D964DB6C03F0EA
:10180000010301930722019D0492002404A90323EC
:101810004FF09040CDE9053401F044FF22462146C7
:10182000122001F027FC122001F062FC1FB030BD35
:101830004FF400424FF0005309A809921A9303F0A5
:1018400099FE18BB144A13680133012B136009D1A8
:10185000124BDA6C42F40052DA64DB6C03F400538E
:101860000293029B0D4B0E48D96C41F00401D964E0
:10187000DB6C03F0040306220393039B0492002411
:1018800004A90323C6E700F0F3F9A2E700F0F0F99A
:10189000D8E700BF00010050C00C0020001002403B
:1018A0000008004838B51048104D002301220A24D2
:1018B0000D21C0E90053C0E90233C0E90D330382B2
:1018C000C3630323C0E90621C0E90A21827444618D
:1018D00044620362036301F033FC00B938BDBDE824
:1018E000384000F0C5B900BF9C0D002000680040E2
:1018F00030B504469DB00021542207A8CDE902115D
:10190000CDE9041106910AF057F81F4B22689A425C
:1019100001D01DB030BD4FF480524FF0007307A8C6
:101920000792159303F026FE50BB184B18489A6D8A
:1019300042F000729A659A6D02F000720092009A6D
:10194000DA6C42F00202DA64DB6C03F0020301930A
:101950004FF4405202230024CDE9022302A90923B7
:10196000CDE90543019D049401F09CFE22462146E9
:10197000562001F07FFB562001F0BAFB1DB030BDB0
:1019800000F076F9D1E700BF006800400010024087
:101990000004004870B500248AB0CDE90544CDE9C3
:1019A0000744284B0994D96C274E41F02001D96493
:1019B000D96C01F0200101910199D96C41F0040129
:1019C000D964D96C01F0040102910299D96C41F0FB
:1019D0000101D964D96C01F0010103910399D96C1B
:1019E00041F00201D964DB6C03F002032246049348
:1019F00010214FF09040049B01F052FF22463046E8
:101A0000302101F04DFF012505A910234FF0904032
:101A1000CDE90535CDE9074401F044FE30463023D9
:101A200005A90593CDE90654089401F03BFE072370
:101A30000648079405A9CDE9053401F033FE0AB044
:101A400070BD00BF001002400008004800040048BC
:101A500010B51A481A4C1B4900230122C0E9004165
:101A6000C0E90232C0E90433C0E90633036202F080
:101A700043F878B91148002102F098F990B90F485D
:101A8000002102F0BDF9A8B90F4A536843F480134E
:101A9000536010BD00F0ECF80848002102F086F910
:101AA0000028ECD000F0E4F80448002102F0A8F986
:101AB0000028E9D000F0DCF8E6E700BF000E0020C7
:101AC000005400407221800000000140F0B504463F
:101AD0009FB00021542209A8CDE90411CDE90611D7
:101AE000089109F069FF234B22689A4201D01FB088
:101AF000F0BD402309A8099303F03CFD002836D12E
:101B00001D4CE36C43F00103E364E36C03F0010359
:101B10000193019BE36C43F00203E364E36C03F085
:101B200002030293002512264FF40043042704A960
:101B30004FF09040029A0493CDE906550596089718
:101B400001F0B0FD80230D48049304A9CDE90655AA
:101B50000596089701F0A6FDA36D43F40013A36555
:101B6000A36D03F400130393039B1FB0F0BD00F0BB
:101B70007FF8C5E700540040001002400004004810
:101B800010B594B03822002106A809F015FF0020F6
:101B9000CDE90100CDE90300059003F0B7F821225B
:101BA00006924FF4803207920122022303240C9202
:101BB00006A85522CDE90D34CDE90F32CDE9113318
:101BC000139303F029F908B172B6FEE70421034626
:101BD0000F220DEB0100CDE90124CDE9033305937C
:101BE00003F09EFB08B172B6FEE703F0ABFC14B045
:101BF00010BD00BF70B500F089FBFFF7C1FF642086
:101C000000F0A6FBFFF7C6FEFFF7ECFCFFF764FD54
:101C1000FFF748FE00F03AF800F06CF900F080FAA7
:101C200008F06CFE00F030F9FFF712FF00F09AF9AF
:101C30000B480C4D0C4C04F039FA0C4808F0DAFB58
:101C400000262B7843B92378002BFAD0267008F0B1
:101C50008BF92B78002BF6D02E7008F0A9F8F2E75C
:101C6000101300206517002064170020540E002078
:101C700072B6FEE7024B0349034AC3E900127047FC
:101C8000540E0020000E00205C0E002010B51148FC
:101C9000114C4FF482720023C0E900424FF470618E
:101CA0004FF40072C0E90231282482610721082222
:101CB000C0E90433C0E90743C0E90933C0E90B13A5
:101CC000426303F0CBFE00B910BDBDE81040FFF742
:101CD000CFBF00BF5C1200200030014010B5184A91
:101CE000016888B000239142CDE90333CDE9053383
:101CF000079301D008B010BD03F1804303F504330E
:101D0000E0201A6E42F480521A661A6E02F4805273
:101D10000192019ADA6C42F00102DA64DB6C039002
:101D200003F0010302930224052303A94FF090401E
:101D3000029A0494079301F0B5FC08B010BD00BFEF
:101D4000003001400B4B1A6E42F001021A661A6E07
:101D500082B002F001020092009A9A6D42F0805225
:101D60009A659B6D03F080530193019B02B003F0D1
:101D70004BB800BF0010024008B503F0EDFBFEE7D2
:101D8000FEE700BFFEE700BFFEE700BFFEE700BFC3
:101D9000704700BF704700BF704700BF00F0C6BA71
:101DA00008B5044800F012FCBDE80840024800F005
:101DB0000DBC00BFC40C0020300D0020014802F013
:101DC000B5B800BFD42C002008B5044804F0AAFB25
:101DD000BDE80840024804F0A5BB00BFC4120020C3
:101DE0001013002008B5034804F09CFBAFF30080FB
:101DF00008BD00BF5C130020014804F093BB00BF86
:101E0000A8130020014801F089BB00BF9C0D0020F1
:101E10000120704708B509F09DFD162303604FF0BF
:101E2000FF3008BD08B509F095FD16230360FEE7F5
:101E300010B50C4C0C4B0D492268591A2AB11044AC
:101E4000884207D82060104610BD094A226010441D
:101E50008842F7D909F07EFD0C234FF0FF32036072
:101E6000104610BDC0120020000002200004000037
:101E700008320020034AD2F8883043F47003C2F8D5
:101E80008830704700ED00E000B58DB020220021C1
:101E900004A809F091FD1548154901604FF6FF713E
:101EA00000230122C16003A9CDE90033C0E9013359
:101EB000C0E904330293836103920592099204F00E
:101EC000F5FC58B90023094802936946CDE900336F
:101ED00004F0DCFE28B90DB05DF804FBFFF7C8FE86
:101EE000F0E7FFF7C5FE0DB05DF804FBC41200205B
:101EF000002C014000B51A4889B04FF08042002301
:101F0000026044F26722CDE90433CDE90633CDE91E
:101F10000133C0E90133C0E903230393836104F073
:101F200061FC90B94FF480530D48049304A904F068
:101F30000DFA90B900230A48019301A9039304F014
:101F4000A5FE28B909B05DF804FBFFF791FEE9E7AB
:101F5000FFF78EFE09B05DF804FBFFF789FEE9E7A5
:101F60005C13002010B50A480A4C0023A92142F254
:101F70000F72C0E90041C0E90232C0E90433836155
:101F800004F030FC00B910BDBDE81040FFF770BE92
:101F9000101300200044014030B51B4B026889B08B
:101FA00000249A42CDE90344CDE90544079401D0C9
:101FB00009B030BD03F5644303A91A6E42F4006210
:101FC0001A661A6E02F400620192019ADA6C42F00B
:101FD0000102DA64DB6C03F0010302934FF44072F8
:101FE0000223CDE903234FF0904006230793029D7F
:101FF00001F058FB22462146192001F03BF8192038
:1020000001F076F809B030BD002C014000B503683E
:10201000B3F1804F83B005D0184A934218D003B073
:102020005DF804FB03F504330022996D41F00101D2
:1020300099659B6D03F0010300931C201146009BE2
:1020400001F018F81C2003B05DF804EB01F050B863
:102050000B4B196E41F4003119661B6E002203F41C
:102060000033019319201146019B01F003F8192058
:1020700003B05DF804EB01F03BB800BF0044014041
:10208000001002400E4B02689A4200D0704703F5E0
:102090005C4300B5196E41F4005119661B6E83B0A4
:1020A000002203F4005301932C201146019B00F001
:1020B000E1FF2C2003B05DF804EB01F019B800BF7C
:1020C0000034014030B5144A016887B000239142C2
:1020D000CDE90133CDE90333059301D007B030BD1D
:1020E00003F1804303F504330224DA6C0B4842F019
:1020F0000402DA64DB6C03F0040300934FF4EE5542
:10210000042301A9CDE90154CDE90443009A01F06B
:10211000C9FA07B030BD00BF0034014000080048D4
:1021200030B5002499B04F4D0194342221460BA8BC
:10213000CDE90244CDE90544CDE90744CDE90944A0
:10214000049409F039FC484A2023AB6041F29A0319
:10215000C5E90024C5E90334012280232846C5E9E6
:10216000052304F071FB002862D1702301934FF422
:10217000001200233B4801A9CDE9022304F086FDAB
:1021800000286BD10022602336480A9204A9CDE9C9
:102190000432CDE90622CDE9082204F031FC002802
:1021A00059D12A682F48936923F00803936104A941
:1021B000042204F025FC00284AD12A6829489369A2
:1021C00023F40063936104A9082204F019FC002899
:1021D0003BD12A682348D36923F00803D36104A9BB
:1021E00041F290030C22059304F00AFC50BB2968CD
:1021F0001C48CA6922F400620023CA614FF40054EB
:102200004FF000720BA9CDE90B33CDE90D33CDE9C9
:102210000F34CDE91133CDE91332CDE915331793DE
:1022200004F090FD38B90F48FFF74CFF19B030BDEE
:10223000FFF71EFD99E7FFF71BFD0A48FFF742FF76
:1022400019B030BDFFF714FDD1E7FFF711FDC0E76E
:10225000FFF70EFDB1E7FFF70BFDA2E7FFF708FD63
:1022600090E700BFA8130020003401400D488546C8
:10227000FFF700FE0C480D490D4A002302E0D45838
:10228000C4500433C4188C42F9D30A4A0A4C0023C0
:1022900001E013600432A242FBD309F061FBFFF7B7
:1022A000A9FCFEE700000220000000203C0C0020FA
:1022B00010E000083C0C002008320020FEE700007F
:1022C00038B50F4B1B680BB9012038BD0D494FF4D1
:1022D0007A720546B2FBF3F30868B0FBF3F000F046
:1022E00015FF04460028EFD10F2DEDD802462946F0
:1022F0004FF0FF3000F0BEFE034B20461D6038BD9E
:1023000008000020040000200C00002010B503206D
:1023100000F09EFE0F20FFF7D3FF10B101242046EE
:1023200010BD0446FFF70EFD204610BD034A0449C8
:10233000136809680B441360704700BFF413002052
:1023400008000020014B1868704700BFF4130020FC
:1023500038B50446FFF7F6FF631C054602D0044B70
:102360001B681C44FFF7EEFF431BA342FAD338BDA2
:102370000800002030B583B000230193002800F04E
:10238000DD80C56D0446002D00F0C580226893688D
:10239000980005D5936823F0204323F03F03936012
:1023A0009368D90019D47E4B7E481B6891689B09BD
:1023B000A0FB030321F010419B0921F03F010133F1
:1023C0005B0041F0805191600193019B2BB1019B17
:1023D000013B0193019B002BF9D19368DB0000F1D5
:1023E0008B80E36D43F01003E365236E012003430C
:1023F0002366936813F0040FE36D40F08580DD06DB
:1024000000F18280E36D23F4817343F00203E365FE
:102410009368D90719D4B2F1A04F00F0AF80624B96
:102420009A4200F0B480614903F5806389689B6833
:102430000B435F4989680B43DB0706D45D498B6812
:10244000656823F47C132B438B60E568E36B94F899
:1024500024102B43A5682B43657F012943EA4533AC
:1024600043EA014365D0E16A21B1256B01F478713B
:1024700029430B43D568504929400B43D360136966
:10248000616B23F040630B43136193681D0724D4F1
:10249000D16894F83830257F21F480415B0021F029
:1024A000020143EA85330B432169D3601369002994
:1024B00047D043F480331361D2F8C03023F47F5304
:1024C00023F03F030B43C2F8C03094F84030012B97
:1024D00043D0136923F0010313616369012B20D0FA
:1024E000136B23F00F031363E36D23F0030343F037
:1024F0000103E36503B030BD936813F0040F4FF0A0
:102500000000E36D3FF47BAFE36D012043F0100367
:10251000E36503B030BDFFF73BF9256684F85850FA
:1025200034E7116B236A21F00F01013B0B43136366
:10253000DAE7A16A013943EA414394E7012003B095
:1025400030BD23F480331361D2F8C03023F47F53BD
:1025500023F03F03C2F8C030B7E71169636CA56C84
:1025600021F4FF6121F004012B430B43E16C0B4389
:10257000216D0B4343F001031361AEE70A499368F1
:1025800089680B43D9073FF560AF0C4957E74FF017
:10259000A0439B6891680B43DB073FF556AFF4E718
:1025A00004000020632D3E0500010050000400508F
:1025B00000060050000700500740F0FF00030050E5
:1025C000704700BF704700BF704700BFF8B5036891
:1025D000B3F1A04F1E685F68044600F0D2809448B3
:1025E000944A9549834218BF0A469568B10705F099
:1025F0001F0502D5BA0700F1B680700740F186804A
:10260000790740F18380E26DD10603D4E26D42F494
:102610000072E265DA6812F4406F21D1844A934275
:1026200000F0EC8002F58062934200F01881DA68D5
:10263000900415D41A68110712D59A68520700F150
:1026400005815A6822F00C025A60E36D23F480730E
:10265000E365E36DDB0403D4E36D43F00103E3655D
:102660002046FFF7ADFF23680C221A60B00654D550
:10267000B90652D5E26DD10603D4E26D42F40052A0
:10268000E2656B49DA6CD8688B4202F4C07200F0E4
:10269000BB8001F580618B4200F0C280D968D2B95D
:1026A0008A0100F1A3801A68500614D5890212D459
:1026B0009A68120700F1D7805A6822F060025A60C7
:1026C000E36D23F48053E365E36DD80503D4E36D34
:1026D00043F00103E365204606F03CF823686022DE
:1026E0001A60310601D53A0659D4F00501D5F9052D
:1026F00060D4B20501D5B80545D4F10601D5FA0676
:1027000010D4710501D57A0560D4F8BD3207ADD576
:1027100038073FF578AFB006AAD47206E1D578063F
:10272000DFD5A7E7E26B7AB1002D7CD0B3F1A04FE3
:1027300000F097803E48404A3E49834208BF0A461F
:10274000926812F4604F0BD0E36D43F48063E3654D
:10275000236E43F0020323662046FFF735FF23680C
:1027600010221A60CDE7E36DDB0603D4E36D43F47A
:102770000063E365204600F089F8236802221A60AE
:102780003BE72C4A31E7E36D43F48023E3652046C1
:1027900000F07AF823684FF400721A60ADE7E36D39
:1027A00043F48033E3652046FFF70CFF2368802263
:1027B0001A609AE7E36D43F40033E365204600F0C6
:1027C00061F823684FF480721A6092E7E26D42F478
:1027D0008042E265226E4FF4806142F00802226678
:1027E00020461960BDE8F84000F04AB800F44060A7
:1027F00001F4005202437FF46EAF54E74FF0A04162
:10280000092D1DD9CA6813E74FF0A04C002D3FF4E5
:1028100045AFA91F01297FF641AFDCF80C103EE758
:10282000DFF818C0F2E7DA68D00799D58CE700BF67
:102830000001005000030050000700500004005049
:1028400040F22122EA40D207DCD5F0E6E36D43F006
:102850001003E365236E43F00103236600E7064996
:10286000CEE7064A6CE7E36D43F01003E365236EA1
:1028700043F0010323662EE70004005000030050DC
:10288000704700BF704700BF704700BF704700BF70
:102890002DE9F04190F8583082B00022012B0192CE
:1028A000426900F09981012380F85830E2B10B6A47
:1028B000012B19D0846E002C40F036818A6A002AE0
:1028C00000F065825D1ECC6A02F07C032B4323433B
:1028D000D1E90024856604F01F05C2F38464AC408E
:1028E0001C434466036805E04B68092B00F008812F
:1028F0000A6803689C68270710D491F82540002CCB
:1029000040F0F58091F82440DD6891F826602405B8
:1029100025F4401544EA46542C43DC609C6814F0CE
:10292000040474D09C6800249D68EE0714D4CF681A
:10293000AE4DD3F8B06007F0180C25FA0CF5C2F3D1
:10294000120E154026EA0E0C45EA0C05C3F8B050ED
:10295000A74DAF4200F00D81A6490A4229D0B3F13C
:10296000A04F00F03781A44EA449A54DB34218BF33
:102970002946A44D8968AA4201F0E07620D0A24DF4
:10298000AA421DD0A14DAA4240F04C81CD0110D4E5
:10299000B3F1A04F00F05382974D984A9849AB424B
:1029A00018BF0A46936823F0E073334343F0807303
:1029B0009360002380F85830204602B0BDE8F081D3
:1029C0000A02F6D4B3F1A04F00F03B82904A934242
:1029D000EFD18B498A688F4B22F0E072324342F488
:1029E00000021B688A608C4A9B09A2FB03239B0997
:1029F00003EB43039B0018330193019B002BD8D0BA
:102A0000019B013B0193019B002BF9D1D1E79D680C
:102A100015F0080588D18C6A002C40F09B8091F855
:102A20002540012CDC680CBF44F0007424F00074D5
:102A3000DC60002491F83060012E1E6900F0658191
:102A400026F002061E618E68B6F1004F00F0498143
:102A50004FEAD25C0CF0040C03F11407C2F30452E9
:102A60004FF0070E96400EFA02FE5CF8072022EAAD
:102A70000E0216434CF807605A6922F000425A6170
:102A8000D1F810C0DE68BCF1040F00F0E58003F15E
:102A90006002C6F3C10652F82C800F684FEA460E5A
:102AA0005E4E07F0F84708EA060637434E6906FA15
:102AB0000EF63E4346F0004642F82C60D1F810C0B6
:102AC0008F6952F82C6026F080763E4342F82C60E5
:102AD0000E7F0F69012E52F8276008BF4FF0007576
:102AE00026F00076354342F827500A681CE7DC6878
:102AF00091F8265024F4401444EA4554DC600DE774
:102B00008B6A0A68002B6CD0CC6A03F07C03550CEE
:102B100005F4785523431D430368414EDC6C344073
:102B20002C43DC644566E5E60A684B68C2F38465BD
:102B300003F01F039D40436E013C1D438466036800
:102B40004566002C7FF4D6AEDC6C354E3440254310
:102B5000DD64CFE6CC6A002C3FF461AF91F82540EC
:102B6000012C00F06781DC6824F00074DC602C46E6
:102B700060E7BEF1000F40F0D380920E551C05F0C7
:102B80001F0CBCF1090F40F205810CEB4C02AD06A5
:102B90001E3A012605F0F845120506FA0CFC42F033
:102BA000007245EA0C052A43D70D8D6807F004072B
:102BB00003F11406C2F3045205FA02FC4FF0070EAB
:102BC000BD590EFA02F225EA020242EA0C02BA519B
:102BD0000A68C1E60949CCE60224204602B0BDE8F5
:102BE000F081550C05F4785596E700BFFFFF07000C
:102BF00000007F40000008800001005000030050EA
:102C000000070050000021C31000C090000052C710
:102C10000006005004000020632D3E0500F0FF0375
:102C200000401004AC4DAA427FF4C3AE49023FF508
:102C3000C0AEAA4A93423FF4BCAEA94902F5007265
:102C4000B3F1A04F18BF0A46936823F0E0733343F3
:102C500043F480039360ACE61A6E0A681D6EC2F3FB
:102C60001206C5F38465002E00F0A08092FAA2F649
:102C700026B1B6FA86F6B54200F0E5805D6E5E6E6E
:102C800003F16005C6F3846603F1640C92FAA2F7BF
:102C900027B1B7FA87F7BE4200F0EA80AE68AE68A7
:102CA00005F1080CC6F3846692FAA2F727B1B7FAC9
:102CB00087F7BE4200F0EF80EE68EE680C35C6F391
:102CC000846692FAA2F7002F3FF42EAEB7FA87F788
:102CD000B7427FF429AE2A6822F000422A600A68CF
:102CE00022E6D70D07F0040703F11406C2F30452DD
:102CF0004FF0070C0CFA02FCBA5922EA0C02BA5146
:102D00005A6942F000425A61BAE626F4FF7CD1E9E2
:102D10000D673E4346EA0C0646F002061E6192E647
:102D200092FAA2F5002D61D0B5FA85F5013505F0CE
:102D30001F05092D5AD992FAA2F5002D00F0C9807D
:102D4000B5FA85F50135AD0605F0F84592FAA2F61B
:102D5000002E00F0BC80B6FA86F6013606F01F069B
:102D6000012707FA06F6354392FAA2F2002A00F08C
:102D7000AC80B2FA82F2013202F01F066FF01D073A
:102D8000032212FB0672120542F000720BE7013BB0
:102D90001D469DE5AE06012202FA0CF206F0F84649
:102DA00016430CEB4C0212053243FDE6C2F3846776
:102DB000BD4248D05D6E5E6E03F16005C6F3846669
:102DC00003F1640CBE4253D0AE68AE6805F1080C46
:102DD000C6F38466C2F38467B7425CD0EE68EE68DF
:102DE0000C35C6F38466C2F3846771E792FAA2F6E3
:102DF000002E64D0B6FA86F60136B60606F0F8461E
:102E000092FAA2F5002D58D0B5FA85F5013505F0F6
:102E10001F05012707FA05F52E4392FAA2F2002AB0
:102E200050D0B2FA82F5013505F01F0505EB4505D6
:102E30002A05B9E7C66D46F02006C665FAE5294AB7
:102E4000B0E52849C6E51A6E1D4622F0004245F855
:102E5000602F5A6E0A685E6EC2F31207C6F384666C
:102E600003F1640C002F7FF411AFC2F38467A9E76C
:102E7000DCF8002022F00042CCF80020AA680A68A2
:102E8000AE68C2F31207C6F3846605F1080C002F82
:102E90007FF40AAF9EE7DCF8002022F00042CCF875
:102EA0000020EA680A68EE68C2F312070C35C6F320
:102EB0008466002F7FF405AF95E70225ACE74FF05D
:102EC00080669DE74FF440126EE7074A6BE60226E4
:102ED00049E74FF0806539E7000084CB00010050DE
:102EE0000007005000030050000050FE70B490F83E
:102EF00058300E68012B9DB057D002680024012382
:102F0000B2F1A04F189480F8583019940CD04A4D63
:102F1000AA4248D0C26D80F8584042F02002C265F3
:102F200018461DB070BC7047444B9B685B070CD5BE
:102F30009368C26D42F020020123C265002280F82E
:102F4000582018461DB070BC704793685C07F0D4D9
:102F5000B2F1A04F2ED0394B9A422BD0002E59D02F
:102F6000374A4C68936823F46043234390F8384011
:102F700043EA44339360304B9C6803F580739B684D
:102F80002343304CA4682343DB4303F0010343B1E4
:102F900094688B6824F471611E4321F00F010E4385
:102FA00096600023CAE7284BBFE7022318461DB0EE
:102FB00070BC7047AEB1254A4C68936823F46043F7
:102FC000234390F8384043EA443393601B4B4FF05F
:102FD000A04292689B681343DB431C4A03F0010341
:102FE000D5E71A4A936823F4604393604FF0A041F9
:102FF000124B89689B68154A0B43DB4303F00103BE
:10300000002BCED0916821F4716121F00F010023D3
:10301000916093E70A4A084993680B4C23F4604394
:1030200093608968A3680B43064989680B43DB43B7
:1030300003F00103E4E700BF00040050000100506A
:10304000000700500006005000050050000300502B
:103050000749CA6803024FF6FF0003F4E063024029
:10306000134343F0BF6343F40033CB60704700BFAA
:1030700000ED00E01C4BDB68C3F3022300B5C3F195
:10308000070EBEF1040F03F1040C28BF4FF0040E2D
:10309000BCF1060F1BD9033B4FF0FF3C0CFA03FCBD
:1030A00022EA0C024FF0FF3C0CFA0EFC21EA0C0164
:1030B0009940002841EA02010CDB00F1604009015F
:1030C00000F56140C9B280F800135DF804FB0022EE
:1030D0001346E7E7054B00F00F0009010344C9B2AE
:1030E00019765DF804FB00BF00ED00E0FCEC00E0A9
:1030F000002808DB044A4109012300F01F0003FAFD
:1031000000F042F82100704700E100E00138B0F122
:10311000807F10D210B44FF0E023084C58614FF07C
:10312000F00C84F823C00022072110469A615DF854
:10313000044B196170470120704700BF00ED00E0AB
:10314000002800F009812DE9F84390F85C3004462E
:1031500003F0FF02002B73D02268936923F0100361
:103160009361FFF7EFF8054604E0FFF7EBF8431B28
:103170000A2B5BD823689A691207F6D49A6942F041
:1031800001029A61FFF7DEF8054604E0FFF7DAF87E
:10319000401B0A284AD822689369DB07F6D5936951
:1031A000764943F002038A42936100F0D080237C89
:1031B000012B93690CBF23F0400343F0400393615C
:1031C000637C012B93690CBF43F4804323F4804359
:1031D0009361A37C012B93690CBF23F4805343F4C8
:1031E000805393619369A068E16823F440730343BB
:1031F0009361936923F0A40393611369012923F078
:103200001003136121D021B30229936900F0B1802A
:1032100043F0800393611369032943F010031361A2
:1032200017D1936943F02003936112E0236E0322C8
:1032300043F00103236684F85C200120BDE8F88395
:1032400080F85D20FEF754FB86E7936943F00403A2
:103250009361D4E90613013B01391B0243EA416340
:10326000216A01390B436169013943EA0143B0F531
:10327000407FD3610ED1D4E90B03A16A013B013831
:103280001B01013943EA00230B43616A013943EA18
:103290000143D360D2F8C030E06B394903438A421E
:1032A000C2F8C0305AD0374B374E384F384D3948B6
:1032B00001F580618A4218BF9946A3F1180318BF2F
:1032C0001E46A3F1D80318BF1F4601F57D51A3F197
:1032D000D80301F1100118BF9C46A3F140030CBFB5
:1032E0008C469846A1F1400103F5387304BF884627
:1032F000A94601F5387118BF1946A3F5547308BFE4
:103300000346D2F88000236420F4F81E606BA56B9E
:103310004EEA0040C2F88000D2F88000C4F8448031
:1033200020F0706040EA0560C2F88000C4E912C76E
:10333000C4E91469002243F8042B8B42FBD3012318
:10334000226684F85C30A2650020BDE8F883124B49
:103350006168C3F800152AE701207047DFF848903C
:103360000E4E0F4FDFF844C0DFF8448009490D4B83
:10337000C7E743F0200393616BE700BF00640040A0
:103380000068004078A6004000AD004028AC004036
:1033900018AD0040A0AA004000600040B0A9004065
:1033A000D8A8004050A70040C8A9004000A800408D
:1033B000C0A700402DE9F041044690F85C000228C7
:1033C0000DD14029256811D0D5F89800070771D193
:1033D000236E43F4807301202366BDE8F081236EE1
:1033E00043F0080301202366BDE8F081D5F8900082
:1033F0000707EDD0D5F89060C6F30060F60148BF2E
:10340000D5F88000D5F8907048BFC0F34020C7F3CE
:10341000012707EB0008A06C08EBC80600EBC6000C
:10342000066806F080465660002E5FD10668C6F337
:103430008A461660066806F000569660066806F032
:10344000004616618688D661B0F806C00CF00F0CF5
:10345000C2F80CC0466806F480165661466806F449
:1034600000169661C67906F07F061662214E4768FF
:1034700016F80CE04FEAD77CC2F824C0BEF1000F6A
:103480000FD003F1FF3E00F1070C63461CF8015F0B
:103490000EF8015FD568063B755D1B1A9D42F4D896
:1034A000256840290CBFC5F89480C5F89C80002091
:1034B000BDE8F081D5F89860C6F30060F60148BF1A
:1034C000D5F88000D5F8987048BFC0F30020C7F346
:1034D000012707EB0008E06C08EBC80600EBC6000C
:1034E000066806F080465660002E9FD0066826F0DB
:1034F00060469EE734C90008704700BF704700BFB0
:10350000704700BF704700BF704700BF704700BFE3
:10351000704700BF704700BF704700BF2DE9F84FEC
:1035200003681A6D596D02EA010A1A6D596D02EAB3
:1035300001091A6D596D1E6D02EA01085A6D1F6D61
:1035400016405A6DD3F854B01D6D174069060446F5
:103550000AF4E05A09F0070908F0380806F4710681
:1035600007F4602702D51BF0400F72D1EA0502D59F
:103570001BF4807F5DD1BAF1000F4AD1B9F1000F81
:1035800035D1B8F1000F3CD1AB0502D51BF4007F5B
:1035900074D1280602D51BF0800F77D1A90402D57B
:1035A0001BF4005F5AD12A0402D51BF4004F5DD1F1
:1035B0006B040AD51BF4804F07D023684FF4804278
:1035C0001A65236E43F0800323664FB926B1236842
:1035D0001E65236E1E432666236E2BBBBDE8F88F47
:1035E000236839461F652046FFF796FFEEE72368FC
:1035F0004946C3F850902046FDF790FFB8F1000F00
:10360000C2D023684146C3F850802046FDF7B8FF7A
:10361000BAE723685146C3F850A02046FFF76CFF75
:10362000B9F1000FADD0E2E72046FFF773FFBDE828
:10363000F88F2368D3F8D810D3F8E0204FF48070C7
:10364000186511402046FFF75DFFBAF1000F95D0D5
:10365000DFE740221A65FFF75BFF87E723684FF437
:1036600000521A652046FFF74FFF9CE723684FF48E
:1036700000421A652046FFF749FF99E723684FF497
:1036800000721A652046FFF739FF82E72368D3F8F6
:10369000D410D3F8DC208020186511402046FFF7B5
:1036A0002FFF7BE72DE9F04F0C6885B0002C00F070
:1036B00083804FF0000CDFF8D8A163464FF0010B78
:1036C00089460BFA03F515EA04086FD0D9F804709F
:1036D00007F00302511E012971D9032A40F0B0807E
:1036E00002FA0CF2D143056829400A4317F4403F1F
:1036F00002605BD0DAF8602042F00102CAF8602074
:10370000DAF8602002F001020392039A23F0030228
:1037100002F1804202F5803203F003059168AD00AA
:103720000F2606FA05FEB0F1904F21EA0E0119D0DE
:10373000514EB04200F08F80504EB04200F08F806A
:103740004F4EB04200F081804E4EB04200F08D806E
:103750004D4EB0420CBF4FF0050E4FF0060E0EFA64
:1037600005F529439160494A484992686FEA08057E
:10377000FE0254BF2A4048EA02028A60CA68B902BF
:10378000424954BF2A4048EA0202CA6049683F4A97
:10379000BE0354BF294048EA010151601268F90391
:1037A0003A4954BF2A4048EA02020A60013334FA17
:1037B00003F20CF1020C84D105B0BDE8F08F8168F2
:1037C000D9F80C604FF0030E0EFA0CFE21EA0E0140
:1037D00006FA0CF6314381606FEA0E01D0F804E07E
:1037E0002EEA050EC7F300159D4045EA0E0545601B
:1037F000C56805EA010ED9F8085005FA0CF545EA46
:103800000E05022AC56002FA0CF27FF46CAFDD08E7
:1038100000EB850501952E6AD9F81050009603F04B
:10382000070E4FEA8E0E0F2605FA0EF506FA0EFE6B
:10383000009E26EA0E0E019E45EA0E05356252E70D
:10384000032101FA0CF1C943D2E74FF0030E0EFA3F
:1038500005F5294386E70BFA05F5294382E74FF082
:10386000020E0EFA05F529437CE74FF0040E0EFA1E
:1038700005F5294376E700BF00040048000800482A
:10388000000C0048001000480014004800040140EB
:10389000001002400369194214BF01200020704744
:1038A0000AB1816170478162704700BFF8B5036853
:1038B0009D6915F01005064640D0174610220C46AB
:1038C000DA619A69950604D4621C4DD19A6997060B
:1038D000FCD52022DA6100259A69D40545F004055B
:1038E0004FF001002ED4510539D54FF48061D961D4
:1038F00045F00805970504D54FF4007245F0020520
:10390000DA619A69910744BF00229A629A69D207E4
:1039100003D49A6942F001029A615A6826490A4022
:103920005A60736C00221D432023756486F8402082
:1039300086F8413086F842200120F8BD9A69D40506
:103940002846D0D54FF480715005D96145F0010566
:10395000D0D54FF48061D96145F00805CAE79405D8
:10396000CAD40028CDD1F8BDFEF7ECFCC01BA042A4
:10397000336801D8002CA4D1586896F84220996980
:103980000D04D2B20BD5410409D4202A07D05A68BD
:1039900042F480425A60FEF7D5FC336807469969C5
:1039A0008A068ED4FEF7CEFCC31B192B3368F6D9DA
:1039B0009A69202590E700BF00E800FE70B5036813
:1039C00004460D46164605E0FFF770FF50B96A1C25
:1039D0000AD123689B699B07324629462046F3D5C6
:1039E000002070BD012070BDFEF7ACFC801BA8421A
:1039F000236801D8002DEDD19A6912F00202E9D1B5
:103A0000636C84F8402020210B43636484F84110E8
:103A100084F84220012070BD2DE9F041DDF81880C6
:103A20001D46044603680F46164605E0FFF73EFFB5
:103A300080B96B1C11D123689B6937EA03030CBF63
:103A400001230023B342424629462046EED00020FF
:103A5000BDE8F0810120BDE8F081FEF773FCA0EB2A
:103A60000800A842236801D8002DE5D19A6937EAF9
:103A700002020CBF01220022B242DDD1636C00229F
:103A800043F020032021636484F8402084F841102F
:103A9000012084F84220DBE703689B699B0629D458
:103AA00070B505460C4616460DE0FEF74BFC801B34
:103AB000A042296800D81CB98B6913F020030DD0EF
:103AC0008B699B0608D4324621462846FFF7EEFE56
:103AD0000028EAD0012070BD002070BD6A6C85F816
:103AE000403020210A436A6485F8411085F842304D
:103AF000012070BD00207047002854D010B590F808
:103B00004130044603F0FF02002B47D023682422F3
:103B100084F841201968626821F0010122F0706286
:103B200019601A619A68E16822F4004201299A60DA
:103B3000A26809D042F4044202299A6007D15A6867
:103B400042F400625A6006E042F400429A605A6809
:103B500022F400625A605968226941F0007141F410
:103B6000004159606169D8680A43A16920F40040A6
:103B700042EA0122E169D860206ADA6001431960F3
:103B8000196841F00101196000222023626484F861
:103B90004130226384F84220104610BD80F8402056
:103BA000FDF794FFB2E70120704700BF2DE9F04F09
:103BB000994690F8413083B0202BBDF834A00E9F79
:103BC00026D10C9B0446E3B1BAF1000F19D090F84E
:103BD0004030012B1CD04FF0010B80F840B00D4657
:103BE0009046FEF7AFFB5A460646009019234FF465
:103BF00000412046FFF710FF70B1012003B0BDE87F
:103C0000F08F4FF400736364012003B0BDE8F08FC0
:103C1000022003B0BDE8F08F0C9B6362212384F87F
:103C2000413022685D496063402384F8423060641B
:103C3000A4F82AA053680B405FFA89F143EA0143D4
:103C4000C5F309052B4343F0807343F400535360DD
:103C5000394632462046FFF7B1FE002868D1B9F157
:103C6000010F5AD123685FFA88F29A628021009688
:103C70003B4600222046FFF7CFFE002858D1638D37
:103C80009BB2FF2B58D8638D216845484A689BB288
:103C90002385DBB245EA03430240134343F000733C
:103CA0004B60DFF8FC80DFF8009103E0638D9BB28E
:103CB000002B5DD0324639462046FFF77FFE0028B4
:103CC0009BD1636A226813F8011B91626362638D62
:103CD000228D013B9BB26385638D013A92B29BB208
:103CE0002285002BE2D0002AE0D100963B468021BD
:103CF0002046FFF791FE00287FF47FAF638D9BB2D3
:103D0000FF2B26D92268FF232385536803EA080383
:103D10002B4343EA09035360C8E723684FEA18229C
:103D20009A62394632462046FFF748FE002899D06D
:103D3000002384F8403060E722681949FF23238577
:103D400053680B402B4343F0FF7343F480335360BD
:103D5000A7E7638D21689BB24A682385DBB245EAF9
:103D6000034302EA0802134343F000734B609DE7EC
:103D7000324639462046FFF78FFE00287FF43DAFDC
:103D80002368084D2021D9615A682A405A6084F876
:103D9000411084F8400084F8420036E7009800FCA7
:103DA000009C00FC00E800FE0000FF0190F84120AC
:103DB000202A23D15FFA82FC90F84020012A034692
:103DC0001CD00268242000B583F84100106820F060
:103DD00001001060106820F48050106010680143EA
:103DE000116011684FF0000E41F00101116083F87D
:103DF00041C083F840E070465DF804FB0220704744
:103E000090F84120202A22D100B55FFA82FE90F876
:103E10004020012A03461CD00268242083F8410078
:103E2000106820F001001060106820F4706040EA13
:103E30000121116011684FF0000C41F00101116087
:103E400083F841E083F840C060465DF804FB02203F
:103E5000704702205DF804FB002849D070B590F847
:103E60009132064603F0FF02002B3CD0032330685A
:103E700086F8913202F0D0FF35791DB30021334628
:103E800032464FF0010C0C4611740131C8B2854224
:103E9000C2E9084482F811C0D47442F8284FF3D81C
:103EA00000210A4683F850110131CCB2A542C3E982
:103EB000582283F8512183F85321C3F8682103F174
:103EC0002803EFD83346002453F8040B93E8060088
:103ED00002F0ACFFB37A34730122934286F8912248
:103EE00008D0204670BD80F8902206F0F3FDBDE7B3
:103EF00001207047304600F0EFFE204670BD00BF45
:103F000090F89032012B0ED010B5044601230068C2
:103F100084F8903202F076FF206803F0A5FD0020BF
:103F200084F8900210BD0220704700BF2DE9F84FC1
:103F30000446006803F0A4FD10F400452BD14305AE
:103F400000F1728147041BD410F4005140F0EA8163
:103F5000C60400F18980050500F13283010600F1F5
:103F60000483820500F10F84C30512D52268B2F8DC
:103F7000443023F480731B041B0CA2F8443008E087
:103F80002268B2F8443023F480431B041B0CA2F8CF
:103F90004430BDE8F88F2068B0F844301F04F8D5ED
:103FA000DFF898AADFF898BA10E011F0100100F0DD
:103FB000C080018811F400658BB240F0E0801E04DF
:103FC00000F14F81B0F844301A04E2D5B0F8445003
:103FD000A9B215F00F05E8D02EB230F826301F0434
:103FE0001FFA83F963D419F0800FEBD030F8263034
:103FF0009BB203EA0A0343F4004320F8263005EBA2
:10400000850304EBC3034FEA8508DA7C012A00F03C
:10401000948119F4807740F0C281B0F8502093F871
:1040200010C000F2024106EB860611FA82F204EBA0
:10403000C60532F83C20A96AC2F3090291424FEA50
:10404000C60640F2A581891AA962002900F0A18163
:104050001036A1195E6A16445E62EB6A1344EB6285
:1040600003F09EF92068ADE72268B2F8403023F0F3
:1040700004031B041B0CA2F84030B2F8403023F0BC
:1040800008031B041B0CA2F8403094F8C832012B23
:1040900000F08783204606F08DFD2268B2F8443098
:1040A00023F480531B041B0CA2F8443071E730F852
:1040B000262040F68F73134043F0800305EB850103
:1040C00020F8263004EBC1014FEA850891F85C31F5
:1040D000002B76D1B0F8503000F2064212FA83F38A
:1040E00091F8502133F83270C7F30907002F40F0E0
:1040F000ED8108EB050304EBC303D3F86C213A44CC
:10410000C3F86C21D3F864213A44C3F86421D3F88E
:10411000682122B1D3F86031BB4240F2BA81A84491
:1041200004EBC808204698F8501106F009FD2068F5
:1041300059E703889BB203EA0A0343F40043038070
:10414000B0F85030227C10FA83F040F2024303EBC7
:10415000C203626AC35AC3F30903E362134463628E
:10416000204606F0F7FC237B4BB3A36A3BBB227BC4
:10417000206842F08002A0F84C20237322E7B0F8B8
:10418000502094F8501140F2064310FA82F203EBEB
:10419000C10304F52671D35AB4F85621C3F30903B9
:1041A000C4F86C3103F080FC2268118840F68F73EC
:1041B0000B4043F080031380204606F0BBFC2068D0
:1041C00000E791F85331022B00F0158291F850214D
:1041D00030F8223023F4E04323F070031B041B0C5F
:1041E00043F4004343F0C00320F8223091F85031EB
:1041F0001AB230F8222012F4804FB0F8502000F0AC
:10420000528100F2024717FA82F232F83370C7F394
:104210000907002F3FF46DAFB1F85821D1F86411B0
:104220003B4603F041FC64E72268B2F8443023F4D3
:1042300080631B041B0CA2F84430204606F098FC57
:1042400094F89032012B3FF4A4AE0123206884F847
:1042500090322573294603F001FC84F89052BDE8A2
:10426000F88F028840F68F73134043F08003038079
:10427000B0F8502094F8501140F2064310FA82F240
:1042800003EBC103D35AC3F30903C4F86C3193B1F0
:10429000D4F8641179B1B4F8562103F005FCD4F8D0
:1042A0006431D4F86C21134420462946C4F86431A3
:1042B00006F046FC206803881D059AB23FF582AEE1
:1042C00002F44052B2F5405F3FF47CAEB0F850309B
:1042D000D4F860119BB200F206453E29EA5AC2F3B7
:1042E0000902EA5240F2C481EA5A4E09C90608BFDF
:1042F00006F1FF3692B242EA86226FEA42426FEA44
:10430000524292B2EA52038823F4804323F07003AE
:104310001B041B0C83F4405343F4004343F080031D
:1043200003804FE62268B2F8443023F400531B04A4
:104330001B0CA2F84430BDE8F88F6A1C02EB820225
:10434000002144F832101A7FCAB119F040095A7C92
:1043500040F00281002A40F02A821A7CB0F85030E6
:1043600000F2064010FA83F303EBC2031A88C2F38B
:1043700009021A801A8892B242F400421A80454417
:1043800004EBC5052046297C06F0E4FB206819E60D
:10439000AF622046614606F0DDFB206812E6197C1C
:1043A000B0F8503006EB8606CA0019F0400704EB5F
:1043B000C60612FA83F300F0918000F2024CB76A4D
:1043C00033F80C30C3F309039F420AB240F25D8117
:1043D000FF1AB762002F00F05A8119F4804F0DD0F8
:1043E00030F8221021F4E04121F070010904090C99
:1043F00041F4404141F0800120F8221008EB050E05
:1044000004EBCE0E9EF83410012940F09380DEF8C4
:1044100024101944CEF82410F76A1F44F762DEF81E
:104420003070DEF82060B742C0F0B882BF1BCEF813
:104430003070B3B208EB050704EBC7077F7C002F91
:1044400040F0A282B0F850701CFA87FC3E2E3CF877
:104450003270C7F309072CF8327040F2C282770934
:10446000F6063CF8326008BF07F1FF37B6B246EAFD
:1044700087266FEA46466FEA5646B6B22CF8326097
:1044800008EB050204EBC202128B03F0FDFA206870
:1044900050E0282101FB0541206801F5A87102F0D8
:1044A0007FFF20689FE500F2064717FA82F232F894
:1044B0003370C7F30907002F3FF41BAEB1F85A2140
:1044C000D1F864113B4603F0EFFA12E6B1F8562139
:1044D000D1F864113B4603F0E7FA0AE600F2064C15
:1044E000D6F828E033F80C30C3F309039E450AB22E
:1044F000C0F01481AEEB0307B762002F00F00F810C
:1045000019F4804F0DD130F8221021F4E04121F050
:1045100070010904090C41F4404141F0800120F888
:10452000221008EB050E04EBCE0E9EF83410012984
:1045300000F0ED81454404EBC5052A7C30F82230BB
:104540009BB203EA0B0383F0300343F4004343F0D0
:10455000800320F8223035E5002A40F037811A7CAC
:10456000B0F8503000F20240FCE62268B2F8443065
:1045700023F080031B041B0CA2F8443094F8C832CB
:10458000002B7ED1B2F840309BB243F00403A2F876
:104590004030B2F840309BB243F008030121A2F84A
:1045A000403084F8C812B2F85430C3F38D0303F0DE
:1045B0003C03C4F8CC322046BDE8F84F06F0E0BB1F
:1045C0002268B2F840309BB243F00803A2F84030B2
:1045D000B2F8443023F400631B041B0CA2F84430EF
:1045E000B2F840309BB243F004032046A2F84030BA
:1045F00006F0D0FACDE419F48042B0F8503000F063
:10460000F38000F2024212FA83F391F850C1D1F81C
:10461000682133F83C30C3F309039A421F46C0F0C7
:104620006081D21AC1F86821002A00F05D8119F07A
:10463000400F0FD00FFA8CFC30F82C2022F4E0420F
:1046400022F070021204120C42F4004242F0C00246
:1046500020F82C200BB91F464BE508EB050104EBB5
:10466000C101B1F85821D1F8641103F01DFA40E5F9
:10467000002940F0EF80EA5A92B242F40042EA5236
:1046800041E6204606F086FA83E40023B36208EB95
:10469000050304EBC3035B7C002B40F0E780B0F81C
:1046A00050301CFA83FC00F206463CF83230C3F36B
:1046B00009032CF832303CF832309BB243F400430B
:1046C0002CF83230B0F8503016FA83F333F8320059
:1046D000C0F3090023F8320033F8320080B240F40E
:1046E000004023F83200204606F034FA19F4804FD7
:1046F00047D008EB050304EBC30320681A7C30F8AD
:10470000223023F4E04323F070031B041B0C43F41A
:10471000404343F0800320F822300BE7B76208EBF8
:10472000050304EBC3035B7C002B40F0B280B0F8C0
:10473000506000F2024313FA86F333F83260C6F396
:10474000090623F8326033F83260B6B246F4004608
:1047500023F83260B0F850301CFA83FC3CF8323059
:10476000C3F309032CF832303CF832309BB243F4E7
:1047700000432CF83230204606F0ECF919F4804F53
:10478000B7D02068D6E62268B2F8443023F400732C
:104790001B041B0C2046A2F8443006F0E5F9FFF795
:1047A000F8BB84F8C812204606F0EAFA72E4012A3F
:1047B0007FF4E5AD1A7CB0F8503000F2064010FAF4
:1047C00083F303EBC203A3F80090D8E5012A7FF43A
:1047D000D6AD1A7CB0F8503000F2024010FA83F3E4
:1047E00003EBC2031980CAE500F2064717FA83F308
:1047F00091F850C1D1F868E133F83C30C3F30903B4
:104800009E451F4658D3AEEB0302C1F86821002A2B
:1048100054D019F0400F0FD10FFA8CFC30F82C2037
:1048200022F4E04222F070021204120C42F4004220
:1048300042F0C00220F82C20002B3FF40CAF08EB14
:10484000050104EBC101B1F85A21D1F8641103F05C
:104850002BF94EE4CA07EA5A4FEA510648BF01361F
:1048600092B242EA862292B2EA524CE5012B7FF4E0
:104870003AAFB0F850301CFA83FC00262CF83260B6
:10488000B0F8503000F2064717FA83F323F832608D
:1048900029E7012B7FF46FAFB0F8503000F20246E9
:1048A00016FA83F3002623F83260B0F850301CFA71
:1048B00083FC2CF832605EE7C1F868210FFA8CF1B6
:1048C00030F8212022F4804222F070021204120CEF
:1048D00082F4005242F4004242F0800220F821208B
:1048E00097E70022C1F868210FFA8CF130F82120F7
:1048F00022F4804222F070021204120C82F4005260
:1049000042F4004242F0800220F821208FE6DEF8D7
:1049100024101944CEF82410F76A1F44F762DEF819
:104920003070DEF82060B74246D3BF1BCEF830703F
:10493000B3B208EB050704EBC7077F7C9FBBB0F859
:1049400050701CFA87FC3E2E3CF83270C7F3090702
:104950002CF832704ED97709F6063CF8326008BF61
:1049600007F1FF37B6B246EA87266FEA46466FEA96
:104970005646B6B22CF8326008EB050204EBC202D0
:10498000528B03F081F8FCE6012F7FF479ADB0F88B
:1049900050601CFA86FC2CF8323071E58FB98EF825
:1049A00034701E4646E5012FE6D1B0F850601CFA7F
:1049B00086FC2CF83230DFE75FB98EF834701E4683
:1049C000B7E700238EF83430CEF830303E46BBB225
:1049D00030E50023CEF830308EF834303E46BBB29E
:1049E000A7E786B93CF83260B6B246F400462CF828
:1049F000326045E5A6B93CF83260B6B246F40046EE
:104A00002CF83260B8E77708F6073CF8326048BF08
:104A10000137B6B246EA8726B6B22CF832602FE5E7
:104A20007708F6073CF8326048BF0137B6B246EA6D
:104A30008726B6B22CF832609EE700BF0F8FFFFFCB
:104A4000BF8FFFFF90F89022012A0CD010B50446CA
:104A50000122006884F89022217302F0FFFF0020F9
:104A600084F8900210BD0220704700BF01F0070CCF
:104A700011F0800F4FF0280110B501FB0C01044626
:104A80001FD10CEB8C0E00EBCE0E002001F5A871AF
:104A90008EF85101022BCB7004BF00230B7181F8FB
:104AA00000C00A6194F89032012B14D0012384F8DD
:104AB0009032206802F0CEF9002384F89032184634
:104AC00010BD0CEB8C0004EBC0004FF0010E103158
:104AD00080F811E0DEE7022010BD00BF01F00703FF
:104AE00003EB830211F0800F4FF0280110B500EBAB
:104AF000C202044601FB030113D101F5A871002095
:104B000082F851010B7094F89032012B11D00123DF
:104B1000206884F8903202F063FB002084F8900251
:104B200010BD1031012050740B7094F89032012B9D
:104B3000EDD1022010BD00BF01F0070101EB810C97
:104B400010B500EBCC0C0024CCF86421282202FB29
:104B500001028CF8501100688CF85141CCE95A34AC
:104B600002F5A87102F01CFC204610BD01F00701FF
:104B700001EB810100EBC101D1F86C01704700BF6E
:104B800010B501F0070E0EEB8E0100EBC10C614673
:104B9000CCF82830CCF83030002401230068CCF861
:104BA000242010318CF83430CCF82C408CF81130A3
:104BB0008CF810E002F0F4FB204610BD027901F001
:104BC00007039A4232D30A0610B504461BD401EB00
:104BD0008102282000FB014104EBC20201F5A8710B
:104BE000002082F8510101228A700B7094F89032F3
:104BF000934219D0206884F8902202F0B7FE00207A
:104C000084F8900210BD03EB8302282101FB03010D
:104C100000EBC20210310120507401228A700B7027
:104C200094F890329342E5D1022010BD01207047E4
:104C300038B5027901F00F039A422FD301F0070330
:104C400003EB830211F0800F4FF02801044600EBC4
:104C5000C20201FB030115D101F5A8710020002556
:104C600082F851018D700B7094F89032012B13D0A3
:104C70000123206884F8903202F0A0FE84F890525C
:104C8000284638BD10310120002550748D700B70FE
:104C900094F89032012BEBD1022038BD012038BDB1
:104CA00011F0800F0BD001F0070101EB810100EB47
:104CB000C10010305AB90273C3800020704701EB65
:104CC000810100EBC10000F5A870002AF3D0012299
:104CD00002738360002070470268002110B480F8DE
:104CE000C812B2F8543001249BB22343C0F8D0421A
:104CF000A2F85430B2F854305DF8044B9BB243F044
:104D000002030846A2F85430704700BF10B43B4A73
:104D100070B9136803F4C063B3F5806FD2F88030C4
:104D200023D023F480735DF8044BC2F880307047C1
:104D3000B0F5007F09D013685DF8044B23F4C0631D
:104D400043F48063002013607047136803F4C0636A
:104D5000B3F5806FD2F880302FD043F480730020F9
:104D60005DF8044BC2F88030704723F48073C2F8BA
:104D700080301168224C234821F4C06141F4007155
:104D800011602368322101FB03F35169A0FB030387
:104D90009B0C480503F1010306D500E023B15169DE
:104DA000490503F1FF33F9D4144B5B695C0554BF2B
:104DB000002003205DF8044B704743F48073C2F871
:104DC000803011680E4C0F4821F4C06141F400712D
:104DD00011602368322101FB03F35169A0FB030337
:104DE0009B0C480503F10103DED501E0002BDBD06D
:104DF0005169490503F1FF33D6D5F7E7007000404C
:104E00000400002083DE1B43024A936843F480437E
:104E10009360704700700040002800F000822DE988
:104E2000F0410368D90782B004462DD5AF498A689E
:104E3000C96802F00C020C2A00F00681082A00F072
:104E400008816368B3F5803F00F07781B3F5A02F48
:104E500000F0D881A54D2A6822F480322A602A68A1
:104E600022F480222A60002B40F06C81FDF76AFA60
:104E7000064605E0FDF766FA801B642800F27F8194
:104E80002B689F03F6D423689E0728D5974A93681A
:104E9000D26803F00C030C2B00F03081042B00F0DF
:104EA0003281E368914D002B00F05A812B6843F466
:104EB00080732B60FDF746FA064605E0FDF742FADF
:104EC000801B022800F25B812B685805F6D56B68C1
:104ED000226923F0FE4343EA02636B6023681A07EA
:104EE00019D56369814D002B00F09980D5F8943075
:104EF00043F00103C5F89430FDF724FA064605E0B7
:104F0000FDF720FA801B022800F23981D5F8943091
:104F10009B07F5D523685E0741D5744B9A6DD50084
:104F200000F131819A6D42F080529A659B6D03F0D9
:104F300080530193019B01256D4E3368D80540F1E4
:104F40005081A368012B00F02081052B00F06981BE
:104F5000664ED6F8902022F00102C6F89020D6F8CE
:104F6000902022F00402C6F89020002B40F014811B
:104F7000FDF7E8F941F28838074605E0FDF7E2F968
:104F8000C01B404500F2FB80D6F890309B07F5D45B
:104F900025B1564A936D23F08053936523689D068F
:104FA00018D5A369514D002B00F00781D5F8983032
:104FB00043F00103C5F89830FDF7C4F9064605E053
:104FC000FDF7C0F9801B022800F2D980D5F898308F
:104FD0009807F5D5E069002800F08380434DAB6861
:104FE00003F00C030C2B00F02A812B68022823F01D
:104FF00080732B603AD0FDF7A5F9044605E0FDF774
:10500000A1F9001B022800F2BA802B6813F000738C
:10501000F5D1E968374A0A401846EA6062E0D5F8F7
:10502000943023F00103C5F89430FDF78BF9064660
:1050300005E0FDF787F9801B022800F2A080D5F873
:1050400094309F07F5D465E701F0030103297FF44D
:10505000F8AE264A126892037FF516AF6268002AFE
:105060007FF412AF012002B0BDE8F081FDF76AF9CC
:10507000064604E0FDF766F9801B02287FD82B68FE
:105080009A01F7D4E9681C4B226A606A174E0B40FC
:105090001343D4E90A1243EA012343EAC263D4E981
:1050A0000C120138490843EA00130139520843EA57
:1050B0004153013A43EA4263EB602B6843F080734B
:1050C0002B60EB6843F08073EB60FDF73BF904461F
:1050D00004E0FDF737F9001B022850D833689B0124
:1050E000F7D5002002B0BDE8F08100BF00100240FB
:1050F00000700040FCFFEEFE0C809F0102F00302F6
:10510000022A7FF4CEAE684B1B685D0502D5E368CA
:10511000002BA7D0644A20695368644923F0FE43FA
:1051200043EA006353600868FDF7CAF8002899D184
:1051300023681A077FF5EFAED3E65B4A136843F4A2
:1051400080331360FDF7FEF8574E054604E0FDF787
:10515000F9F8401B642812D833689B03F7D592E610
:105160002B6823F480732B60FDF7ECF806462B6860
:105170005905DDD5FDF7E6F8801B0228F7D9032095
:1051800002B0BDE8F0810025D6E6474AD2F890305B
:1051900043F00103C2F89030FDF7D4F8424F0646C1
:1051A00041F2883804E0FDF7CDF8801B4045E6D891
:1051B000D7F890309A07F6D5EAE6D5F8983023F07C
:1051C0000103C5F89830FDF7BDF8064604E0FDF789
:1051D000B9F8801B0228D2D8D5F898309907F6D4B0
:1051E000F8E6336843F480733360FDF7ABF80746A5
:1051F0003368D9053FF5A5AEFDF7A4F8C01B02281A
:10520000F6D9BCE703F18043A3F53C331A6842F4B6
:1052100080221A601A6842F480321A6092E70120F4
:105220007047214BD3F8902042F00402C3F890203D
:10523000D3F8902042F00102C3F89020ACE7012897
:105240003FF450AFEB68226A03F0030191427FF410
:1052500009AF616A03F0F0020139B2EB011F7FF47C
:1052600001AFA16A03F4FE42B2EB012F7FF4FAAE64
:10527000E16A03F07842B2EBC16F7FF4F3AE226BC8
:10528000520803F4C001013AB1EB425F7FF4EAAE89
:10529000626B520803F0C063013AB3EB426F14BF74
:1052A000012000201EE700BF001002400C0000207B
:1052B000184B9A6802F00C02042A27D09A6802F070
:1052C0000C02082A24D09A6802F00C020C2A01D0A1
:1052D00000207047D968D86801F003010329C0F3A2
:1052E000031000F10102D8680CBF0B4B0B4BB3FB52
:1052F000F2F2084BDB68C3F34163C0F306200133CD
:1053000002FB00F05B00B0FBF3F07047034870470E
:10531000014870470010024000127A000024F40097
:10532000002800F0EE807F4A2DE9F843136803F06F
:105330000F038B420D4604460CD2136823F00F0373
:105340000B431360136803F00F038B4202D001205C
:10535000BDE8F8832368DF0763D56268032A00F09D
:105360009A80714B022A1B6800F091805B05EED594
:10537000FFF79EFF6D4B984200F2C58062684FF0C8
:105380000009694EB36823F003031A43B260FCF7C7
:10539000D9FF41F28838074604E0FCF7D3FFC01B71
:1053A000404571D8B368626803F00C03B3EB820F19
:1053B000F3D123689F0736D4B9F1800F03D1B368C6
:1053C00023F0F003B360574E336803F00F03AB4292
:1053D00046D823685A0706D55349E0688A6822F4FC
:1053E000E06202438A601B0707D54F4A2169936830
:1053F00023F4605343EAC1039360FFF759FF4A4A1D
:105400004B4C92684B49C2F303120346A25C4A48D4
:1054100002F01F02D3400B600068BDE8F843FCF7C0
:105420004FBF9E07CFD5580704D53F498A6842F43D
:10543000E0628A60190706D53B4A936823F47C53DF
:1054400043F4E0639360384AA1689368354E23F0D3
:10545000F0030B439360336803F00F03AB42B8D9FA
:10546000336823F00F032B433360FCF76BFF41F2EB
:1054700088380746336803F00F03AB42A9D0FCF726
:1054800061FFC01B4045F5D90320BDE8F8839A03AE
:105490003FF56EAF5BE72449086880017FF557AFA1
:1054A000CE68C868C968214F06F00306032EC0F312
:1054B00003100CBF214E224E0130B6FBF0F01A4E05
:1054C000C1F3062100FB01F1F068C0F34160013037
:1054D0004000B1FBF0F1B94220D9B16811F0F00FF2
:1054E00005D013F002093FF44CAFA368B3B90E49DD
:1054F0008B6823F0F00343F080038B604FF080094A
:105500003FE701207047084A93684FF0800923F075
:10551000F00343EA09039360626832E74FF0000941
:105520002FE700BF002002400010024000B4C40476
:1055300024C90008040000200C00002000127A009A
:105540000024F400024A136843F4002313607047F8
:1055500000100240704700BF10B5054CE369DB0541
:1055600000D410BDFFF7F6FF4FF48073236210BD27
:10557000001002402DE9F0410368044613F40020B6
:1055800082B056D0AC4B9A6DD50040F13E810027D9
:10559000AA4D2B6843F480732B60FCF7D3FE0646BC
:1055A00005E0FCF7CFFE831B022B00F239812B684C
:1055B000D805F6D5A04DD5F8903013F4407327D018
:1055C000226D9A4225D0D5F89010D5F8903043F44A
:1055D0008033C5F89030D5F8903023F48033C5F887
:1055E000903021F44073C907C5F8903040F14881EC
:1055F000FCF7A8FE41F28838064605E0FCF7A2FE5B
:10560000801B404500F20C81D5F890309B07F5D502
:10561000236D8949D1F8902022F440721343C1F8D8
:105620009030002027B1844A936D23F08053936516
:105630002368DD0708D580496568D1F8882022F005
:1056400003022A43C1F88820990708D57A49A5683A
:10565000D1F8882022F00C022A43C1F888205A078A
:1056600008D57549E568D1F8882022F030022A4330
:10567000C1F888201F0708D56F492569D1F888200F
:1056800022F0C0022A43C1F88820DE0608D56A4904
:105690006569D1F8882022F440722A43C1F8882035
:1056A0009D0608D56449A569D1F8882022F4406296
:1056B0002A43C1F88820590608D55F49E569D1F821
:1056C000882022F440522A43C1F888201A0608D5BF
:1056D0005949256AD1F8882022F440422A43C1F86A
:1056E0008820DF0508D55449656AD1F8882022F45E
:1056F00040322A43C1F888209E0308D54E49A56A46
:10570000D1F89C2022F003022A43C1F89C209D0579
:1057100008D54949E56AD1F8882022F440222A4375
:10572000C1F8882059050BD54349256BD1F888204D
:1057300022F440122A43B5F5801FC1F8882071D0A9
:105740001A050BD53C49656BD1F8882022F440023C
:105750002A43B5F5800FC1F8882068D0DF040BD547
:105760003549A56BD1F8882022F040722A43B5F163
:10577000807FC1F8882063D09E040BD52E49E56B4D
:10578000D1F8882022F040622A43B5F1006FC1F8B9
:1057900088205AD05D040BD52749256CD1F8882084
:1057A00022F040622A43B5F1006FC1F8882051D041
:1057B00019040BD52049656CD1F8882022F040529D
:1057C0002A43B5F1805FC1F8882048D0DA030BD5B1
:1057D0001949A56CD1F8882022F040422A43B5F13E
:1057E000804FC1F888203FD05B030BD5124AE16C93
:1057F000D2F89C3023F440130B43B1F5001FC2F8DC
:105800009C3036D002B0BDE8F0819A6D42F08052F3
:105810009A659B6D03F080530193019B0127B7E6C6
:105820000320FFE6CA6842F48012CA6088E7CA68AB
:1058300042F48012CA6091E70010024000700040FC
:10584000CA6842F48012CA6096E7CA6842F48012BD
:10585000CA609FE7CA6842F48012CA60A8E7CA68B3
:1058600042F48032CA60B1E7CA6842F48032CA604A
:10587000BAE7D36843F48013D36002B0BDE8F08187
:105880001346C6E62DE9F04383B09846002315463B
:105890008DF8033006460C46FCF754FDA844A8EBEF
:1058A0000007FCF74FFD304BD6F800901B6803EB68
:1058B0008303C3EBC3031B0D07FB03F38046019374
:1058C0004A4601E06B1C0ED1936823401DD0B4F50D
:1058D000C06FF7D199F80C30DBB28DF803309DF82A
:1058E00003306B1CF0D0FCF72DFDA0EB0800B84294
:1058F0000FD2019B3268002B019B03F1FF33019310
:10590000936808BF00272340E1D1184603B0BDE8E3
:10591000F083D6E900315A68B1F5827F22F0E002C7
:105920005A6014D0B26AB2F5005F07D0012200239A
:1059300086F85D2086F85C300320E7E71A6822F4D9
:1059400000521A601A6842F400521A60EEE7B26818
:10595000B2F5004F02D0B2F5806FE3D11A6822F0A1
:1059600040021A60DEE700BF04000020F0B583B0FB
:105970000C4615460646FCF7E5FC25442D1AFCF7B7
:10598000E1FC254B1B68C3F3CB3305FB03F3074650
:105990000193326801E0631C06D1936813F0800321
:1059A000F9D1184603B0F0BDFCF7CCFCC01BA842EF
:1059B00008D2019B002B019B03F1FF3308BF002598
:1059C0000193E6E7D6E900315A68B1F5827F22F00B
:1059D000E0025A6014D0B26AB2F5005F07D001222B
:1059E000002386F85D2086F85C300320DAE71A6829
:1059F00022F400521A601A6842F400521A60EEE76C
:105A0000B268B2F5004F02D0B2F5806FE3D11A68E8
:105A100022F040021A60DEE70400002070B5134651
:105A20000D4616460A464FF4C0510446FFF72AFFBA
:105A300070B9324629462046FFF798FF40B93346F1
:105A40002A464FF4C0612046FFF71CFF00B970BD25
:105A5000236E43F020030320236670BD002877D017
:105A60002DE9F041466A0446002E58D00023C0E9D3
:105A7000043394F85D300022A26203F0FF02002B91
:105A800059D02168E268022384F85D300868B2F5D5
:105A9000E06F20F04000086047D9B2F5706F59D12F
:105AA000A36A002003F40055A368276A02F4706E0D
:105AB000626803F4044302F482721A43236903F018
:105AC00002031A43636903F001031A43636B03F093
:105AD000080306F0100C43EA0E0EA669E36903F012
:105AE000380806F40073134307F0800743EA0803FD
:105AF0003B432B430B60330C03F004034EEA0303D8
:105B000043EA0C0303434B60CB69002023F400639A
:105B10000122CB61206684F85D20BDE8F0814368F6
:105B2000B3F5827FA5D0C661A3E70BD04FF48050B8
:105B30000025A562B8E784F85C202046FCF7CEF883
:105B4000666A9EE7A36A4FF4805003F40055ABE702
:105B5000012070470020EBE72DE9F843044690F858
:105B60005C00089D012800F0A5801F46012384F8F1
:105B70005C3089469046FCF7E5FB064694F85D00EC
:105B800063680128C1B20DD0B3F5827F05D0022031
:105B9000002384F85C30BDE8F883A268002AF6D1BF
:105BA0000429F4D1B9F1000F00F08280B8F1000FA0
:105BB0007ED0002F7CD094F85D20E168C4F840804E
:105BC000042A1CBF052284F85D2000222266C4E955
:105BD00013222268A4F84670B1F5E06FE787516898
:105BE000A4F84470C4F83890A78766D8012F00F055
:105BF000F58021F4805151601168490600F1B080B0
:105C0000116841F040011160002B00F0AC80012FC1
:105C100000F0A9800127E38F9BB223B9B4F8463086
:105C20009BB2002B38D022689368990705D5E38F83
:105C30009BB213B1002F40F0B680936813F00103BC
:105C40001ED0B4F8461089B2D1B1B4F8461089B26A
:105C5000012940F29A80216CD06821F8020B21645E
:105C6000B4F84610023989B2A4F84610B4F84610C8
:105C700089B201291F4603D8536843F48053536007
:105C8000FCF760FB801BA8427BD36B1CC3D00123B5
:105C900084F85D3003207BE7324629462046FFF733
:105CA000BDFE10B1202323660120236E002B53D0AC
:105CB00001206DE70220BDE8F88321F48051516096
:105CC0001168480603D4116841F040011160002BAF
:105CD0003FD1494631F8023BD360E38FA163013BDA
:105CE0009BB2E3870127E38F9BB223B9B4F8463018
:105CF0009BB2002BD0D0226893689B070DD5E38F11
:105D00009BB253B14FB1A36B33F8021BD160A363B5
:105D1000E38F013B9BB20027E387936813F00103F5
:105D20000FD0B4F8461089B259B11F46236CD2681F
:105D300023F8022B2364B4F84630013B9BB2A4F84D
:105D40004630FCF7FFFA801BA842CCD3681CCAD0AF
:105D50009DE7012FC6D1BCE7012384F85D3017E72A
:105D6000002B7FF457AFE38F9BB2012B3ED94946FE
:105D700031F8023BD360E38FA163023B9BB2E38720
:105D800048E7002D7FF447AF81E71F46236C127B65
:105D90001A70236C01332364B4F84630013B9BB284
:105DA000A4F846306CE7E38F9BB2012BA36B09D9B3
:105DB00033F8021BD160A363E38F023B9BB2002741
:105DC000E3873AE71B781373E38FA26B013B013241
:105DD0009BB2A263E387226800272EE741F480513B
:105DE0005160116849067FF50BAFBCE799F80030A8
:105DF0001373E38FA26B013B01329BB2A263E38773
:105E000008E700BF036A026A22F00102026270B46E
:105E1000446882690D6822F4803222F073022A43BA
:105E20008D6823F002032B43154DA84213D005F5CE
:105E30000065A8420FD005F54065A8420BD005F5D6
:105E40008065A84207D005F58065A84203D005F516
:105E50000065A8420DD1CD6823F008032B43D1E99A
:105E6000056524F4407446EA050C23F004034CEA6B
:105E7000040449684460826170BC416303627047F6
:105E8000002C0140036A026A22F48072026270B43C
:105E90004468C2690D6822F4803222F073022A43FA
:105EA0008D6823F4007343EA05231C4DA84217D0E4
:105EB00005F50065A84213D005F5E055A84225D0A8
:105EC000174DA84213D005F58065A8420FD005F5FF
:105ED0008065A8420BD005F50065A8420FD106E009
:105EE000CD6823F4006343EA052323F48063D1E9FA
:105EF000056524F4405446EA050C44EA0C1449684C
:105F00004460C26170BCC16303627047CD6823F412
:105F1000006343EA052323F48063D1E7002C0140AA
:105F200000400140036A026A22F48052026270B4A7
:105F30004468C2690D6822F0807222F4E64242EAA7
:105F400005228D6823F4005343EA05331C4DA84213
:105F500017D005F50065A84213D005F5E055A84215
:105F600025D0184DA84213D005F58065A8420FD062
:105F700005F58065A8420BD005F50065A8420FD154
:105F800006E0CD6823F4004343EA053323F480435D
:105F9000D1E9056524F4404446EA050C44EA8C1432
:105FA00049684460C26170BC016403627047CD6897
:105FB00023F4004343EA053323F48043D1E700BFD1
:105FC000002C014000400140036A026A22F4803242
:105FD000026230B44468026D0D6822F4803222F00F
:105FE00070022A438D6823F4003343EA0543114DC0
:105FF000A84213D005F50065A8420FD005F540650D
:10600000A8420BD005F58065A84207D005F580654C
:10601000A84203D005F50065A84204D14D6924F4D7
:10602000803444EA052449684460026530BC8164D8
:1060300003627047002C0140036A026A22F4801256
:10604000026230B44468026D0D6822F0807222F45E
:10605000E04242EA05228D6823F4001343EA055327
:10606000114DA84213D005F50065A8420FD005F5E3
:106070004065A8420BD005F58065A84207D005F51C
:106080008065A84203D005F50065A84204D14D699A
:1060900024F4802444EA852449684460026530BCC5
:1060A000C1640362704700BF002C014090F83D308E
:1060B000012B32D103681B49022280F83D20DA68A7
:1060C0008B4242F00102DA6019D0B3F1804F16D052
:1060D000154A934213D002F5806293420FD002F525
:1060E000806293420BD002F59432934207D002F5BE
:1060F0004062934203D002F58052934207D19968DF
:106100000A4A0A40062A0AD0B2F5803F07D01A6828
:1061100042F0010200201A60704701207047002001
:10612000704700BF002C0140000400400700010040
:10613000002956D190F83E30012B5CD1022380F823
:106140003E3003680122186A01F01F0102FA01F1D2
:1061500020EA01001862186A414A01439342196219
:106160005DD002F5006293420FD002F54062934287
:106170000BD002F58062934207D002F58062934211
:1061800003D002F50062934203D15A6C42F40042FC
:106190005A64B3F1804F16D0324A934213D002F5BD
:1061A000806293420FD002F5806293420BD002F5D9
:1061B0009432934207D002F54062934203D002F535
:1061C0008052934207D19968274A0A40062A14D080
:1061D000B2F5803F11D01A6842F0010200201A6027
:1061E0007047042920D0082926D00C2907D190F81F
:1061F0004130012B28D00120704700207047102922
:1062000026D090F84330012BF5D1082918D00C295D
:106210001AD0102920D0022380F8433091E75A6C1D
:1062200042F400425A64CEE790F83F30012BE2D1AD
:10623000022380F83F3084E790F84030012BDAD118
:10624000022380F840307CE7022380F8413078E771
:1062500090F84230012BCED1022380F8423070E713
:10626000002C01400004004007000100036810B446
:106270001A6A01F01F044FF0010C0CFA04FC22EA28
:106280000C021A622E4A1C6A1C62934225D002F547
:106290000062934221D002F5406293421DD002F584
:1062A0008062934219D002F58062934215D002F5C4
:1062B0000062934211D01C6A41F21112144204D1BF
:1062C0001C6A44F24442144226D00123A1B980F84A
:1062D0003E3000205DF8044B70471C6A41F21112F9
:1062E0001442E8D11C6A44F244421442E3D15A6C8D
:1062F00022F400425A64DEE7042912D0082919D09A
:106300000C2914D010290CBF80F8423080F843309B
:106310005DF8044B002070471A6822F001021A60F1
:10632000D3E780F83F305DF8044B0020704780F8D9
:106330004130CEE780F840305DF8044B00207047D4
:10634000002C0140FFF7F4BEFFF790BF90F83C30FF
:10635000012B00F0958070B40223046880F83D3072
:10636000012280F83C20A568654B2B40A3600B6898
:10637000702B00F0B48029D8502B00F0848040D9D5
:10638000602B1AD1236A256A4A68CE6825F0100569
:106390002562A16923F0A00321F4704143EA0213AE
:1063A00041EA0631A1612362A36823F4401323F07C
:1063B000700343F067030022A3600121002380F8EB
:1063C0003D1080F83C3070BC10467047B3F5005F5C
:1063D00074D043D94B498B4208D02FD94A498B42BC
:1063E00004D023F0200C10398C45E6D1A16821F4AB
:1063F000401121F070010B4343F007030022A3601A
:10640000DBE7402B2FD14A68CE68216A256A25F048
:1064100001052562A36921F00A0123F0F00311436D
:1064200043EA0613A3612162A36823F4401323F017
:10643000700343F047030022A360BEE7334A934250
:10644000D4D004D9324A9342D0D00122B5E723F008
:106450001002B2F5801FC9D00122AEE7B3F5805219
:1064600018BF0122A9E7A8D8202BBFD003D9302B11
:10647000BCD00122A1E733F01002B7D001229CE783
:106480000222104670474A68CE68216A256A25F0C4
:1064900001052562A36921F00A0123F0F0031143ED
:1064A00043EA0613A3612162A36823F4401323F097
:1064B000700343F057030022A3607EE7D1E9015344
:1064C000A268C9682B4322F47F4243EA01231343A5
:1064D000A360A36843F480430022A3606DE7D1E981
:1064E0000153A268C9682B4322F47F4243EA012387
:1064F0001343A360A36843F077030022A3605CE723
:106500008800CEFF40001000600010002000100046
:1065100030001000704700BF704700BF704700BFD9
:10652000704700BF036870B5DE681C69A2070546A6
:1065300001D5B1076CD4630701D5700755D4210785
:1065400001D532073ED4E00601D5F10626D4E20794
:1065500001D5F3077AD414F4025F69D030067DD4F4
:10656000600602D5710600F18B80A20602D5B30643
:1065700000F18E80E00202D5F10200F19180A202CA
:1065800002D5B30200F19480600202D5710200F1DD
:106590009780220201D533024FD470BD2B686FF073
:1065A00010021A6108222A77DB6913F4407F28461B
:1065B00040F09780FFF7AEFF2846FFF7AFFF0023BC
:1065C0002B77C4E72B686FF008021A6104222A7740
:1065D000DB699B07284640F08180FFF79BFF284638
:1065E000FFF79CFF00232B77ADE72B686FF00402C9
:1065F0001A6102222A779B6913F4407F28466AD1E8
:10660000FFF788FF2846FFF789FF00232B7796E7DF
:106610006FF002021A61012202779B699A0757D133
:10662000FFF778FF2846FFF779FF00232B7782E7F3
:10663000E20595D533061BD492E72B686FF4000270
:1066400028461A61BDE8704000F0DABB2B686FF095
:1066500001021A61284602F0EFFF7CE72B686FF415
:1066600002521A61284600F0C1FBE1057FF578AFC0
:106670002B686FF480721A61284600F0B9FB6FE74F
:106680002B686FF040021A612846FFF749FF6CE75C
:106690002B686FF020021A61284600F0A5FB69E71D
:1066A0002B686FF480121A61284600F0A3FB66E79E
:1066B0002B686FF400121A61284600F09DFB63E717
:1066C0002B686FF480021A61284600F097FB60E7A0
:1066D000FFF722FFA9E7FFF71FFF96E7FFF71CFF71
:1066E00080E7FFF719FF6AE73C4A0368904230B43D
:1066F0004BD0B0F1804F2CD0A2F59432904228D0EC
:1067000002F58062904224D002F58062904220D04F
:1067100002F59432904252D002F5E052904258D0A5
:106720002F4A904245D002F58062904241D002F556
:10673000806290423DD002F50062904239D04D69AE
:106740008C680A6823F080032B430360C462826272
:1067500010E04A68CC6823F07003134323F44073BD
:106760004A69234323F080038C6813430A6803605B
:10677000C4628262012343610369DB0703D50369B5
:1067800023F00103036130BC70474C68CA6823F0F2
:106790007003234323F4407313434A6923F08003B7
:1067A000134303608B68C3620B6883620B690363E6
:1067B000E0E7CC684A6923F440732343EEE74C6872
:1067C000CA6823F07003234323F4407313434A69D8
:1067D000E4E74A6823F070031343A1E7002C01406B
:1067E0000040014070B310B590F83D30044603F00E
:1067F000FF0213B32146022384F83D3051F8040B05
:10680000FFF772FF012384F8483084F83E3084F8A3
:106810003F3084F8403084F8413084F8423084F8C6
:10682000433084F8443084F8453084F8463084F8A6
:10683000473084F83D30002010BD80F83C20FBF745
:10684000E5FBD7E70120704770B310B590F83D30F5
:10685000044603F0FF0213B32146022384F83D30BF
:1068600051F8040BFFF740FF012384F8483084F807
:106870003E3084F83F3084F8403084F8413084F86A
:10688000423084F8433084F8443084F8453084F84A
:10689000463084F8473084F83D30002010BD80F841
:1068A0003C20FBF7EFFBD7E701207047002852D0D0
:1068B000F8B590F83D300D46044603F0FF02002B7A
:1068C00044D02146022384F83D3051F8040B8368FC
:1068D00023F4A03323F007038360FFF705FF21684B
:1068E000AA698E688B69A8682F6A23F4407340EA0E
:1068F000022023F00303034323F47C422B69E8695D
:106900001B0143EA0023E868034322F0FC0243EA48
:106910000733086A6F6913436A6820F0AA0042EAE5
:10692000071210432A68164301228E608B610862A9
:1069300084F8482084F83E2084F83F2084F84420DE
:1069400084F8452084F83D200020F8BD80F83C20E4
:10695000FBF722FBB5E70120704700BF036A026A1C
:1069600022F01002026270B4446882690D6822F05D
:10697000807222F4E64242EA05228D6823F0200369
:1069800043EA05131C4DA84217D005F50065A8423F
:1069900013D005F5E055A84225D0184DA84213D0D4
:1069A00005F58065A8420FD005F58065A8420BD09B
:1069B00005F50065A8420FD106E0CD6823F08003FD
:1069C00043EA051323F04003D1E9056524F440644C
:1069D00046EA050C44EA8C0449684460826170BC54
:1069E000816303627047CD6823F0800343EA051397
:1069F00023F04003D1E700BF002C014000400140DC
:106A000038B590F83C30012B00F088800123044613
:106A10000D4680F83C30142A0CD8DFE802F0230B36
:106A20000B0B350B0B0B480B0B0B5A0B0B0B6D0B9E
:106A30000B0B10000120002384F83C3038BD0068A7
:106A4000FFF7FAFA23682869196D41F400611965A6
:106A5000196D21F4806119651A6D42EA00221A65E8
:106A60000020E8E70068FFF7CDF9236828699969F5
:106A700041F008019961996921F0040199619A69CD
:106A800002439A610020D6E70068FFF767FF23689A
:106A90002869996941F400619961996921F48061DB
:106AA00099619A6942EA00229A610020C3E700686E
:106AB000FFF7E8F923682869D96941F00801D9612D
:106AC000D96921F00401D961DA690243DA61002051
:106AD000B1E70068FFF726FA23682869D96941F40D
:106AE0000061D961D96921F48061D961DA6942EA2A
:106AF0000022DA6100209EE70068FFF765FA23684C
:106B00002869196D41F008011965196D21F004011A
:106B100019651A6D02431A6500208CE7022038BD02
:106B2000002942D190F84430012B46D1022380F84D
:106B3000443003680422186A01F00F0102FA01F1DF
:106B400020EA010018621A6A2848114319625A6C37
:106B5000834242F400425A6419D0B3F1804F16D0F8
:106B6000234A934213D002F5806293420FD002F57C
:106B7000806293420BD002F59432934207D002F523
:106B80004062934203D002F58052934207D1996844
:106B9000184A0A40062A12D0B2F5803F0FD01A6870
:106BA00042F0010200201A60704704290DD0082924
:106BB00013D090F84730012B03D0012070470020FC
:106BC0007047022380F84730B3E790F84530012B37
:106BD000F3D1022380F84530ABE790F84630012B23
:106BE000EBD1022380F84630A3E700BF002C014020
:106BF0000004004007000100036810B41A6A01F0A5
:106C00000F044FF0040C0CFA04FC22EA0C021A6286
:106C10001A6A1A621C6A41F21112144204D11C6AE7
:106C200044F24442144222D01C6A41F2111214422E
:106C300004D11C6A44F24442144213D0012329B9FE
:106C400080F844305DF8044B00207047042913D0CD
:106C500008290CBF80F8463080F847305DF8044BB7
:106C6000002070471A6822F001021A60E6E75A6CA9
:106C700022F400425A64D7E780F845305DF8044BAF
:106C800000207047FFF74CBFFFF7B6BF90F83C30CD
:106C9000012B51D030B40268284D022380F83D30DA
:106CA000AA42536894683BD005F50065AA4232D0E9
:106CB00005F5E055AA422ED00D6823F0007323F0AD
:106CC00070032B43B2F1804F536016D01C4B9A4295
:106CD00013D003F580639A420FD003F580639A4284
:106CE0000BD003F594339A4207D003F540639A42E0
:106CF00003D003F580539A4204D18B6824F08004BA
:106D00001C4394600023012280F83D2080F83C3031
:106D100030BC184670474D6823F470032B43CBE713
:106D20004D6823F470032B4323F000730D6823F0A8
:106D300070032B435360E0E702207047002C0140B2
:106D40000004004090F83C30012B48D010B4D1E949
:106D5000024323F440730246234348680C6823F43B
:106D60008063034323F400630869234323F48053BF
:106D70004C69034323F40053086B234323F48043FB
:106D80008C69034323F47023C86943EA044323F066
:106D90008053144C03431068A04207D004F50064EC
:106DA000A04203D004F5E054A04210D18C6A23F431
:106DB000700343EA04530C6A23F0807323434C6A44
:106DC000C96A23F00073234323F000530B430021CF
:106DD000436482F83C1008465DF8044B704702207B
:106DE000704700BF002C0140704700BF704700BFD4
:106DF000704700BF704700BF704700BF704700BFBB
:106E0000704700BF03464BF680720020A3F8440091
:106E1000A3F84020704700BFB0F84010034644F28A
:106E20007F020A400020A3F840207047034682B04A
:106E30004FF0010C0020A3F840C00DF1080CA3F89E
:106E400040000CE90600A3F84400A3F8500002B08B
:106E5000704700BFF0B50C7891F803C022B230F84B
:106E6000223023F4EC4323F070031B041B0CBCF111
:106E7000030F00F29B81DFE80CF0BCBF720243F409
:106E8000C06348F280052B4320F8223030F82230CE
:106E900023F4E04323F070031B041B0C23432B4318
:106EA00020F822300D7B002D6DD0002530F82230E7
:106EB00023F4E24323F070031B041B0C43F4004350
:106EC00043F0800320F82230B0F850E00B8900EB4B
:106ED000C40414FA8EFE5B085B00AEF80034B0F810
:106EE000503014FA83F44B895B085B00A4F8043437
:106EF0004B78002B40F0D88030F822305E040DD55E
:106F000030F8223023F4E04323F070031B041B0C01
:106F100043F4404343F0800320F8223030F822301D
:106F20005C0600F1088130F8223023F4804323F01E
:106F300070031B041B0C48F2800183F440530B4385
:106F400020F8223030F8223023F4E04323F04003CD
:106F50001B041B0C0B4320F822302846F0BD48F2DE
:106F6000800E43EA0E0320F8223030F822509B4E68
:106F7000ADB2354025434EEA050520F822500D7B81
:106F8000002D40F0F9804B78002B42D0CB88B0F830
:106F9000501000EBC40404F580645B0889B25B0008
:106FA000635230F822305B060DD530F8223023F4DE
:106FB000E04323F070031B041B0C43F4004343F035
:106FC000C00320F8223030F8223023F4E04323F0CD
:106FD00040031B04BCF1010F4FEA134311D083F0AF
:106FE000200343F4004343F0800320F82230284676
:106FF000F0BD43F4007344E743F4806341E783F456
:10700000005343F4004343F0800320F82230284625
:10701000F0BDCB88B0F850600F69590800EBC4038D
:1070200013FA86F64900A6F80414B0F8501013FAC3
:1070300081F33E2FB3F80614C1F30901A3F8061437
:1070400000F28880002F40F0A380B3F806146FEAA6
:1070500041416FEA514189B2A3F8061430F8223059
:107060005F040DD530F8223023F4E04323F07003A1
:107070001B041B0C43F4404343F0800320F82230F0
:1070800030F8223023F4804323F070031B041B0CE0
:10709000002CB4D183F4405343F4004343F0800305
:1070A00020F822302846F0BD30F8223059040DD5A2
:1070B00030F8223023F4E04323F070031B041B0C50
:1070C00043F4404343F0800320F8223030F822306C
:1070D0005B060DD530F8223023F4E04323F0700333
:1070E0001B041B0C43F4004343F0C00320F8223080
:1070F00030F8223023F4E04323F040031B041B0C40
:10710000BCF1010F18BF83F0200343F4004343F0A8
:10711000800320F8223030F8223023F4804323F01B
:1071200070031B041B0C43F4004343F0800320F85E
:1071300022302846F0BD30F8223023F4E04323F01B
:1071400070031B041B0C43F4004343F0C00320F8FE
:107150002230E8E6B3F806147E09FF0608BF06F100
:10716000FF3689B241EA86216FEA41416FEA514117
:1071700089B2A3F8061471E730F822309BB233408D
:1071800043F4014343F0800320F8223000259BE6BE
:10719000F907B3F806144FEA570648BF013689B21B
:1071A00041EA862189B2A3F8061457E748F2800520
:1071B0002B4320F8223030F8223023F4E04323F030
:1071C00070031B041B0C23432B4320F822300B7B42
:1071D0000125002B7FF46AAED5E600BF8F8FFFFF3D
:1071E0000B7BCBB94B780A78002B00F0B18030F8DC
:1071F0002230590600F1C58030F8223023F4E043F4
:1072000023F040031B041B0C43F4004343F08003B2
:1072100020F82230002070474B780A78002B4BD1A1
:1072200030F8223059040DD530F8223023F4E043F1
:1072300023F070031B041B0C43F4404343F0800312
:1072400020F8223030F822305B060DD530F822309D
:1072500023F4E04323F070031B041B0C43F40043AE
:1072600043F0C00320F8223030F8223023F4E0430A
:1072700023F070031B041B0C43F4004343F0C003D2
:1072800020F8223030F8223023F4804323F07003BA
:107290001B0448F280011B0C0B4320F8223030F80D
:1072A000223023F4E04323F040031B041B0C0B4368
:1072B00020F822300020704730F8223059040DD5D4
:1072C00030F8223023F4E04323F070031B041B0C3E
:1072D00043F4404343F0800320F8223030F822305A
:1072E0005B060DD530F8223023F4E04323F0700321
:1072F0001B041B0C43F4004343F0C00320F822306E
:1073000030F8223023F4E04323F070031B041B0CFD
:1073100043F4404343F0800320F8223030F8223019
:1073200023F4E04323F040031B0448F280011B0CCC
:107330000B4320F8223030F8223023F4804323F02E
:1073400070031B041B0C0B4320F8223000207047F5
:1073500030F822305B040DD530F8223023F4E043BE
:1073600023F070031B041B0C43F4404343F08003E1
:1073700020F8223030F8223023F4804323F07003C9
:1073800040E730F8223023F4E04323F070031B047D
:107390001B0C43F4004343F0C00320F822302BE7DA
:1073A0002DE9F04F4B78012B024600F08180087BDD
:1073B000002848D0C878022800F06F81012840F0EA
:1073C000C98088690C69A0428ABF051B0025204638
:1073D0008D61002B40F03E81B2F850500B7802F2E4
:1073E000024414FA85F43E2834F83350C5F30905F5
:1073F00024F8335040F2FB8134F83350460910F042
:107400001F003746ADB208BF06F1FF3745EA8725B2
:107410006FEA45456FEA5545ADB224F83350B2F8EE
:10742000505002F2064414FA85F434F83350C5F390
:10743000090524F8335000B9013E34F8330080B216
:1074400040EA8620EDE18C690B699C4284BFE01A1A
:107450001C46B2F85030886102F20645087815FAE9
:1074600083F303EBC0033E2C1888C0F30900188097
:1074700066D8002C40F0708118886FEA40406FEAAF
:10748000504080B218800B7819B2002032F82130B9
:1074900023F4804323F070031B041B0C83F440533C
:1074A00043F4004343F0800322F82130BDE8F08F1D
:1074B0000E698B69087BB34228BF3346002800F071
:1074C000CB80C878022848D0086A0C78C01A0862B5
:1074D00020B232F8200010F0400FB2F8500000F057
:1074E000488102F2064515FA80F000EBC40498B218
:1074F00020800446013448894B6902F5806C640899
:10750000844409D003EB4404ACEB030C188823F843
:107510000C000233A342F9D1097832F8213023F468
:10752000E04323F040031B041B0C83F0300343F4BF
:10753000004343F0800322F821300020BDE8F08FA3
:1075400018886509E40608BF05F1FF3580B240EAF6
:10755000852092E70120BDE8F08F0D6AAE4280F0F1
:10756000A48191F800C032F82C0020F4E04020F013
:1075700070000004000C40F4014040F0800022F84C
:107580002C0032F82C00ED1A10F0400F0D62B2F80A
:10759000500000F04F8102F2064414FA80F01FFA06
:1075A00083F920F83C904F46B1F80AA048690137AA
:1075B00002F580687F08C2440BD0AAEB000A00EBFA
:1075C000470B0446B4F800E024F80AE00234A3456F
:1075D000F8D11844AE42486180F0B981EB1A0B62D1
:1075E000B2F8503002F2024414FA83F323F83C90CC
:1075F0000C894444002F8FD000EB47070346241A20
:107600001888185302339F42FAD185E734F8335073
:10761000460810F001003746ADB218BF771C45EAA6
:107620008725ADB224F83350B2F8505002F2064428
:1076300014FA85F434F83350C5F3090524F83350AF
:1076400000B1013634F8330080B240EA862080B2BF
:1076500024F833000B7817E79DB22B46B1F806C02B
:107660004869013302F580645B08A4440AD000EB4A
:107670004304ACEB000C0346188823F80C000233DB
:10768000A342F9D1B2F85030087802F2024414FA59
:1076900083F303EBC0031D803EE7002B3CD1B2F81F
:1076A00050400B780D6902F2024010FA84F03E2D32
:1076B00030F83340C4F3090420F8334075D930F86A
:1076C00033406E0915F01F053746A4B208BF06F116
:1076D000FF3744EA87246FEA44446FEA5444A4B273
:1076E00020F83340B2F8500002F2064414FA80F455
:1076F00034F83300C0F3090024F8330005B9013E23
:1077000034F8330080B240EA86206FEA40406FEAE6
:10771000504080B224F83300CB69002B9AD00B780C
:1077200018B244F2400432F8205004EA0506AC4393
:1077300002D0002E7FF4A8AE32F8203023F4E043CC
:1077400023F070031B041B0C43F4004343F0C003FD
:1077500022F820300B7897E6E00718884FEA5405A6
:1077600048BF013580B240EA852080B218800B788E
:107770008AE602F2024515FA80F000EBC40498B2E2
:1077800020800C894B69013002F5806C4008A444CC
:107790003FF4C2AE03EB4000ACEB030C1C8823F8B3
:1077A0000C4002338342F9D1B6E6002D40F0AA80A6
:1077B00030F833406FEA44446FEA5444A4B220F8EE
:1077C0003340B2F8500002F2064414FA80F434F860
:1077D0003300C0F3090024F8330034F833006FEAB3
:1077E00040406FEA504080B224F8330094E700280C
:1077F0007FF40CAF34F833006FEA40406FEA50403A
:1078000080B224F83300B2F8500002F2064414FAB1
:1078100080F434F83300C0F3090024F8330034F85E
:1078200033006FEA40406FEA504080B224F83300E2
:107830000B7829E602F2024414FA80F01FFA83FA68
:1078400020F83CA05746B1F808804869013702F596
:1078500080697F08C8440BD0A8EB000800EB470BF9
:107860000446B4F800E024F808E00234A345F8D157
:107870001844AE42486171D2EB1A0B62B2F8503034
:1078800002F2064414FA83F323F83CA04C894C44DA
:10789000002F3FF441AE00EB47070346241A188837
:1078A00018530233BB42FAD136E60E7830B202F2F8
:1078B000024432F8203023F4E24323F070031B0427
:1078C0001B0C43F4004343F0800322F82030B2F84D
:1078D000500014FA80F303EBC603AFB21F803D469D
:1078E0000C894B69013502F580606D0804443FF452
:1078F00013AE03EB4500E51A1C885C530233834248
:10790000FAD109E630F833406E0815F00105374624
:10791000A4B218BF771C44EA8724A4B220F83340ED
:10792000B2F8500002F2064414FA80F434F833003E
:10793000C0F3090024F8330005B1013634F83300F0
:1079400080B240EA862080B224F83300E4E6AFB289
:1079500001371FFA85F97F08002340E6AFB20137EF
:107960001FFA85FA7F08002387E700BF4B780A7863
:107970008BB130F8223023F4E04323F040031B04A2
:107980001B0C83F0100343F4004343F0800320F802
:1079900022300020704730F8223023F4804323F057
:1079A00070031B041B0C83F4805343F4004343F027
:1079B000800320F822300020704700BF0B7B3BBBC8
:1079C0004B780A7833B330F822305B060DD530F8A7
:1079D000223023F4E04323F070031B041B0C43F418
:1079E000004343F0C00320F82230CB78012B0FD0A6
:1079F00030F8223023F4E04323F040031B041B0C37
:107A000083F0200343F4004343F0800320F8223046
:107A10000020704730F822305B040DD530F822305A
:107A200023F4E04323F070031B041B0C43F4404396
:107A300043F0800320F8223030F8223023F48043D2
:107A400023F070031B041B0C83F4405343F40043E6
:107A500043F0800320F822300020704711B98023C2
:107A6000A0F84C300020704702460020B2F8583091
:107A70006FEA43436FEA53439BB2A2F85830704712
:107A8000B0F8440080B2704702F5806201331044C0
:107A90005A0808D00B46C01A01EB42011A881A5244
:107AA00002339942FAD1704770B502F580625E08E0
:107AB00010441CD06FF001056D1A8A1C0544B646AF
:107AC00035F802C002321FFA8CFC4FEA1C24BEF1CA
:107AD000010E02F804CC02F8034CF1D100EB46028F
:107AE000DB0701EB460144BF13880B7070BD0246F3
:107AF000DB0744BF13880B7070BD00BF838EB3F5E6
:107B0000805F29D2D0E90A1210B4446AD0ED0C5A31
:107B1000D4ED004A91ED005A92ED006AD0ED066A6C
:107B200090ED077AD0ED087A5DF8044BB8EE455A2F
:107B3000F8EE644AB8EE466AE4EEA56A013383863D
:107B4000A5EE857AE5EE867AC0ED066A80ED077AC5
:107B5000C0ED087A0020704718D19FED0F6AD0ED74
:107B6000066A90ED077AD0ED087A66EE866A27EE0F
:107B7000067A67EE867A41F20103C0ED066A80ED6F
:107B8000077AC0ED087A838600207047012380F8C9
:107B900036301846704700BF000080390023436329
:107BA0000A68C36210B44FF0000C144C0460C0E9C2
:107BB0000133C0E90333C0E90533C0E90733C0E945
:107BC0000933C0F830C0AAB14B689BB18C688CB146
:107BD000D1ED047A91ED036A91ED057AC462C6EEA7
:107BE000276AC0E90923012180F83710C6EE877A99
:107BF000C0ED0C7A5DF8044B704700BF70C90008F7
:107C000090F8373063B3D0E90912C36AD1ED005A56
:107C100092ED005AD3ED007A90ED0C6AD0ED076A30
:107C200090ED087AB8EE455AF8EE677AD6EE056A16
:107C300096EE277AF8EE655AD0ED067A9FED095A4E
:107C4000C0ED046AD5EE867A36EEC76AC0ED037AD7
:107C500066EE056A80ED057AC0ED017AC0ED026A34
:107C6000704700BF3ACD133F2DE9F0410E469DF815
:107C700018809DF81C7015461C4600283BD02048F3
:107C80000821FEF75FFB1E4808218EB3FEF7FAFFBE
:107C90004DB31B480421FEF755FB8CB11848042155
:107CA000FEF7F0FFB8F1000F11D015480021FEF7E4
:107CB00049FB134897B1BDE8F0410021FEF7E2BF50
:107CC0000F480421FEF7E0FFB8F1000FEDD10C489A
:107CD0004146FEF739FB0A48002FECD13946BDE892
:107CE000F041FEF7D1BF04210548FEF72DFBD4E794
:107CF000FEF7CAFFCCE708210148FEF725FBC2E7E3
:107D0000A81300200023436103618360C360836183
:107D1000C3614360704700BF80ED0C0A704700BF2D
:107D2000704700BF704700BF704700BF704700BF7B
:107D3000704700BF10B53821044603F0D3F8204641
:107D400010BD00BF10B53821044603F0CBF8204623
:107D500010BD00BF10B56821044603F0C3F82046EB
:107D600010BD00BF10B55821044603F0BBF82046F3
:107D700010BD00BF10B55421044603F0B3F82046EF
:107D800010BD00BFDFEDD55AD0ED036A90ED025A69
:107D9000B0EE607A90EE257A82B0B0EE606AA0EE26
:107DA000256AF6EE007A27EE277A26EE676AB5EEA8
:107DB000C07AF1EE10FAF5EEC00ACCBF0122002223
:107DC000F1EE10FAB5EEC06ACCBF01230023F1EE4C
:107DD00010FA43EA4203CCBF0122002266EEA55A04
:107DE00043EA8203013BC5EE857AF1EE605A052B2A
:107DF00000F2E181DFE813F0600097000501CE009A
:107E00003C01060026EE276A67EE277A052336EE48
:107E1000277A0370F4EEC76AF1EE10FA40F171812F
:107E200086EE075A87EE876AF0EE665AE6EEC55A86
:107E3000F6EE007AE6EEC65A65EEA75AF0EE657ADF
:107E4000E6EE857AB0EE657AA6EE867AE6EE867A7A
:107E5000FCEEE55ABCEEC77A15EE902AFCEEE77A06
:107E600017EE103A828017EE902A9BB24380C280B0
:107E700007EE903AF8EEE77AF4EEE76AF1EE10FAE0
:107E800000F12E81838807EE903AF8EEE77AF4EE5F
:107E9000E76AF1EE10FA00F12381C38807EE903A09
:107EA000F8EEE77AF4EEE76AF1EE10FA00F11881E5
:107EB000821C104602B0704727EE677A26EE676A8A
:107EC000022377EE067A0370F4EEE76AF1EE10FA19
:107ED00040F13581C7EE274A86EE275AF0EE665A02
:107EE000E6EEE45AF6EE007AE6EEC55A65EEA75ADB
:107EF000F0EE657AE6EEA47AB0EE657AA6EE857AC3
:107F0000E6EE857AFCEEE77ABCEEC77A17EE902AA9
:107F1000FCEEE55A17EE103A828015EE902A9BB2DD
:107F20004380C280A4E726EE676A65EEA77A06233F
:107F300036EE277A0370F4EEC76AF1EE10FA40F1DC
:107F40001C81C6EE075A87EE876AB0EE667AA6EE07
:107F5000E57AF6EE007AA6EEC67A27EE277AF0EEFC
:107F6000477AE6EEA57AF0EE475AE6EE865AE6EE56
:107F7000867ABCEEC77AFCEEE77A17EE102AFCEEA2
:107F8000E55A17EE903A828015EE902A9BB2438014
:107F9000C2806DE765EEA75A67EE677A042335EE77
:107FA000A77A0370F4EEC76AF1EE10FA40F1D680BA
:107FB00085EE876AC7EE875AB0EE667AA6EEC67A75
:107FC000F6EE007AA6EEE57A27EE277AF0EE477A0B
:107FD000E6EE867AB0EE476AA6EEA56AE6EEA57AE8
:107FE000BCEEC66ABCEEC77A16EE102AFCEEE77A43
:107FF00017EE103A828017EE902A9BB24380C2801F
:1080000036E727EE277A67EEA07A012337EE276A54
:108010000370F4EEC66AF1EE10FA40F1BD80C7EECF
:10802000065A87EE867AB0EE666AA6EEE56AF6EE46
:10803000007AA6EEC76A26EE276AF0EE467AE6EEEA
:10804000A57AF0EE465AE6EE875AE6EE877AFCEE1F
:10805000E55AFCEEE77A15EE902ABCEEC66A17EEFA
:10806000903A828016EE102A9BB24380C280FFE6CF
:1080700067EEA00A66EE277A032330EEA77A037034
:10808000F4EEC76AF1EE10FA4AD580EE876AC7EEC1
:10809000875AB0EE667AA6EEC67AF6EE007AA6EEBB
:1080A000E57A27EE277AF0EE470AE6EE860AB0EE8A
:1080B000476AA6EEA56AE6EEA50AFCEEE00ABCEE6B
:1080C000C77A10EE902ABCEEC66A17EE103A82808C
:1080D00016EE102A9BB24380C280C9E6D7B3DD3FBB
:1080E000F6EE007A66EEA76A0246FCEEE66A16EE47
:1080F000903A9BB2C380838022F8023F104602B0C0
:10810000704776EEC65AB6EE007A75EEE75A65EE1F
:10811000875A36EE256A37EEA57A76EE277A97E605
:1081200036EEE07AB6EE006A37EE677A27EE067A28
:1081300070EE870A37EE876A70EEA70ABDE776EE23
:10814000C75AF6EE007A75EEC65A65EEA75A77EE74
:10815000257A36EE257A77EE867AD3E636EEE57A1C
:10816000B6EE006A37EE677A27EE067A75EE875A22
:1081700037EE876A75EEA77A32E736EEC67AF6EE04
:10818000005A37EE677A27EE257A36EE076A77EEE1
:10819000875A76EE277AECE636EEC76AF6EE005A94
:1081A00036EE676A26EE256A37EE067A77EE865A4D
:1081B00077EE277A4BE7F6EE007A66EEA77A02466C
:1081C000FCEEE77A072117EE903A9BB20170C3806C
:1081D000838022F8023F6CE6F0B590F824302DED54
:1081E000048B013B83B00446072B00F28C81DFE84F
:1081F00003F0870481221E384370C84D90ED038A36
:10820000D5ED057AB4EEE78AF1EE10FA40F18B80F5
:108210009FEDC38A37EEC88AC24B94ED020A93EDF4
:10822000011AF0EE480A03F011FF85ED058A03B04C
:10823000BDEC048BF0BD038C01339BB20A2B03848D
:1082400000F09080B84BB74FD3ED000A97ED011ABC
:1082500094ED040A03B0BDEC048BBDE8F04003F0DC
:1082600077BF038C01339BB20A2B08BF0023038422
:1082700003B0BDEC048BF0BDAC4D95F8353095F8EE
:1082800036200133DBB29A4285F8353095F9343027
:1082900056D0002B40F0A880A54E338C01339BB202
:1082A0000A2B338400F01681D6ED067AF5EE407A7B
:1082B000F1EE10FA3DD09F4B95ED011AD3ED000A77
:1082C000B1EE080A03B0BDEC048BBDE8F04003F04A
:1082D0002DBED1ED020AD0ED017A90ED040A70EEC8
:1082E000A70AC1ED020A03B0BDEC048BBDE8F04063
:1082F00003F0EABE8B4BD0ED050A93ED011AA7E718
:1083000091ED021AD0ED017AD0ED030A90ED020A48
:1083100031EE271A81ED021A03B0BDEC048BBDE8E3
:10832000F04003F093BEC4BF9FED7D8A37EE888A8C
:1083300072E7DFED810A95ED011AB0EE600AC1E740
:1083400007EE903AF8EEE77A0023F1EE677AFDEE59
:10835000E77A85F83530CDED017A9DF9043085F85E
:10836000343096E790ED060ADFED747AB5EEC00A78
:10837000F1EE10FAD4BFB1EE407AB0EE407AB4EE2E
:10838000E77AF1EE10FA05D5DFED6B7AB0EE670A09
:10839000C0ED067A614DDFED6A0A00F039FBB5F9F0
:1083A000186084ED060A07EE906AF8EEE77AF4EEBC
:1083B000C07AF1EE10FA40F39C80023E36B207EE2E
:1083C000906A584F5F48B8EEE70AD7ED027A30EE70
:1083D000670A04F05FFA544A2E830023F0EE400A45
:1083E00082ED000A238431E7574A95ED0F7A92ED2A
:1083F0000E8AD5ED0E6AD2ED0D8A544E95ED010A26
:10840000F0EE007AA7EE678A3432E6EEE78AD5ED21
:10841000117A95ED107A38EE278A07EE903AA6F198
:10842000080393E8030078EE878A86E80300B5EE38
:10843000007A92E80300F8EEE77A68EE878A28EE81
:10844000078A68EEA78A28EE278A83E8030000F0EF
:1084500091FAB0EE409A95ED010A00F03FFA20EE55
:10846000680AA6F13400A8EE090A04F069F9D5ED0E
:108470000B6A95ED017ADFED367A95ED0A6AD5ED56
:108480000C5AA0EE267AD5ED096AB4EEE77AF1EE41
:1084900010FAC8BF37EE677AB5EEC07AF1EE10FA7F
:1084A00044BFDFED2B7A37EE277AF7EE007A77EECE
:1084B000E67A85ED017A67EE867A9FED266AE0EE30
:1084C000267A87EEA57AC5ED0A7A67EE067AC5EDBB
:1084D000027AE1E694ED060AD5ED027A194830EE0B
:1084E000670A04F0D7F9134A002382ED000A3384A7
:1084F000DAE602D5023636B261E7BDEEC00A10EE0A
:10850000103A1EB25BE70191FFF7FCFB0199D4ED35
:10851000030A91ED021A94ED020AFDE63C140020D4
:1085200017B75138D8150020841400206815002092
:108530005814002088140020000000000000FA43B6
:1085400000401C4694160020F8130020A8150020B7
:10855000DB0FC940EBC91841614A624B62482DE903
:10856000F0410025614E16605560614A614F16600A
:108570005560614ADFF8D481106055605F4ADA6067
:1085800000244FF0834207F198019A60DC80C3F821
:1085900002405B48FFF702FB5A4BDFF8B4E11D6273
:1085A0005D629D62DD621D63574B07F1B0021D6283
:1085B0005D629D62DD621D63544BCEF810300FCAC0
:1085C00007F1C00C8EE80F009CE80300504F88E8CC
:1085D00003003A464F49504802F000FC4F495048CA
:1085E0003A4602F0FBFB4F484F4B504903603A4676
:1085F000C0E90444C0E9064445608560C460056282
:10860000466285624564856402F0E8FB4848494B50
:1086100003600123484983863A46C0E90444C0E91F
:108620000644C4634464C464446545608560C460B2
:10863000056246628562846304648464046502F0B2
:10864000CDFB3E483E4B0360C0E90444C0E906440C
:108650003C49C4643A464465C46545608560C4606D
:1086600005620663456386630664C5634564846486
:1086700004658465056602F0B1FB334BC3E9004431
:10868000C3E90244C3E91C44C3E90944C3E90B44F8
:10869000C3E91144C3E91344C3E91744C3E91944C6
:1086A0009C671C615D619D61DD611C625D639D6312
:1086B000DD631C645D659C65DD66DC67C3F8804036
:1086C000C3F88840C3F89040C3F88440C3F88C4096
:1086D000C3F89450C3F89850C3F89C50BDE8F0819B
:1086E000C01500201C170020CDCC4C3DCDCCCC3D7E
:1086F000C815002048000020D015002000D0844577
:108700008C1400202C160020601600203313954393
:1087100000000020317D0008100000202D7D0008A1
:108720003C010020D8150020DCCA0008297D000883
:1087300068150020ECCA0008257D0008B41600204A
:10874000FCCA0008217D0008C41400204417002042
:108750002C1700200368B3F1A04F00D0704730B54C
:10876000134C237883B0EBB1124D2B787BB11248B8
:10877000124CFFF745FA124B1B6F0C3393E80700BE
:1087800084E8070003B0BDE8304003F033BD0124A6
:10879000CDE900442346224621462046FFF764FAED
:1087A0002C70E4E70448FFF7A9F9207003B030BD4E
:1087B00080140020811400208C1400200414002058
:1087C000C414002090F91230012B78D0038AD0ED28
:1087D000067A5B1A07EE103AB8EEC77A27EE277AC8
:1087E000DFED3B7AC37B9FED3A6A90ED0C5AB4EE15
:1087F000E77AF1EE10FAC8BF37EE677AB5EEC07AC5
:10880000F1EE10FA44BFDFED327A37EE277A07EE49
:10881000903AF8EEE75AF8EE676A65EE875A80ED0F
:10882000087AC5EE867AFCEEE77A17EE903A9BB2AC
:1088300007EE903AF8EEE77A66EE677AE6EE877A28
:1088400077EEC57AF4EEC67AF1EE10FAC8BF77EE8D
:10885000C67A9FED206AF5EEC07AF1EE10FA44BFB9
:10886000DFED1B6A77EEA67AD0ED096AC0ED0B7AD0
:1088700077EE666AF4EEC66AF1EE10FA10DD838ACE
:10888000013B1BB2838207EE903ADFED116A80ED67
:10889000097AF8EEE77AA7EEA67A80ED0A7A7047B1
:1088A000DFED0D7AF4EEE76AF1EE10FA04D5838A73
:1088B00001331BB28382E6E7B0F91430E3E707EE39
:1088C000901A90ED067AF8EE677A27EE877A87E7B6
:1088D000DB0FC9407CD9A0407CD9A0C0DFED207A55
:1088E000B5EEC00A60EE277AF1EE10FABDEEE77A37
:1088F00004D517EE103A013B07EE103AB8EEC70A5E
:108900009FED187A37EEC00A20EE070AFCEEC07A17
:1089100017EE903A9BB2B3F5007F19D207EE903A6A
:10892000114A591CF8EE677A89B202EB830302EB15
:10893000810230EE670A93ED007AD2ED006AF7EE1D
:10894000007A77EEC07A20EE260AA7EE870A7047F3
:1089500030EE470ADFED056A9FED057AEFE700BFCD
:1089600083F9223E0000004404CB0008920E493CEB
:10897000000000009FED217AF5EE007AE0EE077A24
:10898000F5EEC07AF1EE10FABDEEE70A04D510EE6E
:10899000103A013B00EE103AB8EEC00ADFED186A5B
:1089A00037EEC00A20EE260ABCEEC07A17EE103A67
:1089B0009BB2B3F5007F19D207EE903A114A591CC9
:1089C000F8EE677A89B202EB830302EB810230EEA4
:1089D000670A93ED007AD2ED006AF7EE007A77EE3F
:1089E000C07A20EE260AA7EE870A704730EE660AA4
:1089F0009FED057ADFED056AEFE700BF83F9223EC0
:108A00000000004404CB000800000000920E493C26
:108A1000B4EEE00AF1EE10FAC8BFB0EE600AF1EE73
:108A2000600AF4EE400AF1EE10FAC8BFB0EE600A38
:108A3000704700BF10B5D0F8BC4284B1D0F8C03246
:108A40005BB194F80002FF2807D09B6894F80122DC
:108A500021469847FF2384F80032002010BD0320F0
:108A600010BD00BF4323038000487047AC010020C5
:108A70004323038000487047F00100204323038014
:108A800000487047400200200A23038000487047D6
:108A90003402002038B5D0F8BC527DB1044602F053
:108AA0006BF9D4F8C0320246DB68D5F80402C5F889
:108AB0000C2205F503719847002038BD032038BD0E
:108AC00070B5D0F8BC525DB301EB810400EB840EAD
:108AD0008446DEF818300A466BB9DCF8C0321B69F0
:108AE0000024C5F81442CBB1D5F8080205F504718D
:108AF0009847204670BDD0F8C46206EBC404246ACF
:108B0000B3FBF4F604FB1634002CE6D1CEF8184083
:108B10002346224602F014F9204670BD184670BD67
:108B2000032070BD2DE9F041D0F8BC8282B0002650
:108B30008DF80560ADF80660B8F1000F68D00B78CD
:108B400013F0600507460C461FD0202D08D02146A3
:108B5000384600F0F7FC0325284602B0BDE8F08156
:108B6000CD888DB31B0658D5D0F8C03260789B688D
:108B70002A4641469847E288072A414628BF0722ED
:108B80003846354600F014FDE6E74E780B2EDED869
:108B900001A353F826F000BFFB8B0008598B000897
:108BA0004F8B00084F8B00084F8B00084F8B00083D
:108BB0004F8B00084F8B00084F8B00084F8B00082D
:108BC000E78B0008DD8B0008D0F8C03248789B683E
:108BD0002A469847284602B0BDE8F08190F89C32BA
:108BE000032BB9D0B3E790F89C32032BAFD101220D
:108BF0000DF1050100F0DCFCAEE790F89C32032B90
:108C0000A5D102220DF1060100F0D2FC3546A3E702
:108C10000325284602B0BDE8F0814B7888F8003281
:108C200088F801522A46414600F0D8FC354693E7C1
:108C300038B504460025812102F036F80121258748
:108C4000204602F031F8A4F878518221204602F043
:108C50002BF8D4F8BC32E5644BB1D4F8C0325B6871
:108C60009847D4F8BC0202F0B7F8C4F8BC52002010
:108C700038BD00BF2DE9F04104464FF4077002F003
:108C8000A7F8054600284BD0237CC4F8BC0293B358
:108C90004023022281210126204601F0F5FF26878C
:108CA000402331460222204601F0EEFF102303222A
:108CB000A4F87861A4F84E3082210823204601F000
:108CC000E3FFD4F8C0324FF001081B68A4F84C80D1
:108CD00000279847C5F81472C5F81872267CD5F895
:108CE0000422A6B94FF400734146204602F036F83C
:108CF0003046BDE8F0814FF4007302228121012645
:108D0000204601F0C1FF26874FF40073C9E74023D6
:108D1000414620463E4602F021F83046BDE8F0814B
:108D20000226C4F8BC023046BDE8F08119B1C0F893
:108D3000C012002070470320704700BFD0F8BC323B
:108D40002BB1C3F80812C3F810220020704703208B
:108D5000704700BFD0F8BC321BB1C3F8041200202A
:108D600070470320704700BFD0F8BC2210B58AB10D
:108D7000047CD2F8042234B140230121002401F004
:108D8000EDFF204610BD4FF40073012101F0E6FF16
:108D9000204610BD0324204610BD00BF78B100233B
:108DA000C0F8B832C0F8C032C0F8CC3209B1C0F84F
:108DB000B412012380F89C32027001F015BF032029
:108DC000704700BF30B583B00024ADF8064079B1DC
:108DD000CB6AC0F8B81205463BB10DF106009847C2
:108DE000C5F8CC02204603B030BD184603B030BDF4
:108DF000032003B030BD00BF01F038BFD0F8B83257
:108E00000BB11B6818470320704700BF08B5D0F8A6
:108E1000B8320BB15B689847002008BD38B50446EE
:108E200000F2AA25284600F081FB94F8AA12B4F8B3
:108E3000B022C4F898220123C4F8943201F01F0331
:108E4000012B09D0022B13D063B1204601F0800121
:108E5000BDE8384001F036BF29462046BDE838401D
:108E600000F09ABA29462046BDE8384000F0ECB838
:108E700029462046BDE8384000F0BEBA10B5044689
:108E800031B91346D0F89422032A0DD0002010BD2A
:108E900090F89C32032BF9D1D0F8B8329B69002BA3
:108EA000F4D0BDE810401847D0E95712914208D8D5
:108EB00090F89C32032B0ED0204600F0A5FB00203A
:108EC00010BD891A8A4228BF0A46C0F85C111946AB
:108ED00000F092FBDAE7D0F8B8321B69002BEBD038
:108EE0009847E9E770B5044651B91346D0F8942283
:108EF000022A11D094F8A032012B22D0002070BD9C
:108F000090F89C32032BF9D1D0F8B8325B69002B72
:108F1000F4D0BDE870401847D0E90726B2420D46AC
:108F200014D81FD094F89C32032B28D080212046DF
:108F300001F0C8FE204600F073FB94F8A032012B2C
:108F4000DCD1002384F8A032002070BD921BC261E6
:108F5000194600F03BFB2B462A462946204601F0E5
:108F6000FDFEC7E783699A42DCD8D0F89822934285
:108F7000D8D20A4600F02AFBC4F89852EBE7D4F89E
:108F8000B832DB68002BD1D020469847CEE700BF2F
:108F9000D0F8B8320021012280F89C224160C0F84C
:108FA0009412C0F8A412EBB1D0F8BC2270B50446FC
:108FB00012B15B6803B198474025002211462B4649
:108FC0000126204601F060FEA4F86461C4F86051F7
:108FD0002B4600228021204601F056FEA684256201
:108FE000002070BD0320704701740020704700BF4F
:108FF00090F89C2203460421D2B283F89D220020DF
:1090000083F89C12704700BF90F89C32042B04D167
:1090100090F89D32DBB280F89C320020704700BF90
:10902000D0F8B8225AB108B590F89C32032B01D081
:10903000002008BDD36923B19847002008BD032054
:109040007047184608BD00BFF0B50C7804F0600406
:10905000202C83B00E4605460ED0402C0CD0A4B177
:109060008021284601F02EFE0021284601F02AFE2C
:109070000024204603B0F0BDD5F8B8329B683146D5
:10908000284603B0BDE8F04018474F78092FE7D8CD
:1090900001A353F827F000BFF990000827910008BA
:1090A0006190000845910008619000084D9100080A
:1090B0008591000861900008A9910008C1900008FE
:1090C0008E78AD4F012E3E7000F2418190F89C32B7
:1090D000022BDAB200F02981032A00F003818021FB
:1090E00001F0F0FD0021284601F0ECFD397828461A
:1090F000FFF78CFE0324BCE790F89C32013B022B67
:1091000069D8CB88022B66D1D0F8A4320122C26084
:109110000BB10323C360022205F10C01284600F0C5
:1091200047FA3C46A5E790F89C32013B022B52D807
:109130004B88012B9DD10023C5F8A432284600F0AE
:1091400063FA96E74B88012B93D1F5E78B88002BC8
:1091500041D1CB88002B3ED14E887F2E3BD890F852
:109160009C32032B37D0F1B280F89E1201F0DAFD69
:10917000284600F049FA002E00F00981022385F804
:109180009C3276E74A880023ADF80630130A013B8B
:109190000E2B20D8DFE803F0796C5A1F1F50441FB4
:1091A0001F1F1F1F1F1F2A00CA88012A13D190F8F2
:1091B0009C120229CBB200F28E80002B3FF450AFFC
:1091C0000146002341F8083F00F0F2F951E7D0F8DA
:1091D000B4329B697BB98021284601F073FD0021E0
:1091E000284601F06FFD204603B0F0BDD0F8B43240
:1091F000DB69002BEFD0287C0DF106019847F2883F
:10920000002A9BD0BDF80630002BE4D09A4228BF3C
:109210001A4601462846ADF8062000F0C9F928E7AD
:10922000037C002BD7D1D0F8B8320DF106001B6BB0
:10923000984707234370E2E7037C002BCBD1D0F89B
:10924000B8320DF106005B6B9847D8E7D2B2052A19
:10925000C1D801A353F822F0CB920008BF920008B6
:10926000B3920008A79200089B920008CF910008D3
:10927000037C002B40F08280D0F8B8320DF106005C
:109280009B6A984702234370B9E7D0F8B432007C58
:109290001B680DF106019847B1E7D0F8B4325B695D
:1092A000002BA8D197E7D0F8B4321B69002BA2D1CC
:1092B00091E7D0F8B432DB68002B9CD18BE7D0F873
:1092C000B4329B68002B96D185E7D0F8B4325B6846
:1092D000002B90D17FE7032B7FF4C2AE011D00F07D
:1092E00067F9C6E6002E3BD0416801293FF426AF5E
:1092F000C9B2FFF78BFD397869602846FFF77EFD1C
:10930000064600283FF41AAF8021284601F0DAFC17
:109310000021284601F0D6FC29792846FFF776FD82
:10932000022385F89C323446A3E6002E3FF406AFB4
:1093300001214160FFF762FD044600287FF44BAF36
:10934000284600F061F9032385F89C3291E68021DC
:1093500001F0B8FC0021284601F0B4FC032488E6A3
:109360000223314680F89C324660FFF74FFD2846C5
:1093700000F04AF934467CE64C170020D0F8B832A9
:109380000DF10600DB6A98470223437037E701239B
:1093900085F89C326DE600BF38B50B7803F06002AB
:1093A000402A0D4604460BD05B0609D5802101F00A
:1093B00089FC0021204601F085FC0025284638BDA7
:1093C00094F89C32013B022B12D82B79012B0FD839
:1093D000D4F8B83229469B6820469847EB88054662
:1093E000002BEBD10028E9D1204600F00DF9E5E78C
:1093F00080212046DBE700BF70B50B7803F06003E7
:10940000202B0D4604461BD0402B19D003B38021DE
:10941000204601F057FC0021204601F053FC0020BB
:1094200070BD90F89C32022BDAB253D0032AEED1F1
:109430006B88002BF3D14E066FD1204600F0E4F884
:10944000D4F8B832294620469B68BDE870401847DA
:109450006B788A88012BD1B2E3D0032B29D0002B63
:10946000D5D190F89C32022BD8B23CD00328CED173
:1094700001F00F0303EB8303120604EB830341D4D3
:10948000B3F86431002BC2D001F07F03142505FB33
:10949000034505F5AA752BB1204601F02FFC0028E5
:1094A0003ED001232B6002222946204600F080F89E
:1094B000B5E790F89C32022BDAB20BD0032AA6D182
:1094C0006B881BB94A0601D0EB885BB3204600F0DD
:1094D0009BF8A4E74B069AD001F0F4FB80212046CC
:1094E00001F0F0FB9BE7480691D111064CBF04F157
:1094F000140104F5AA7100230B600222204600F03B
:1095000057F88CE79B8C002B81D001F07F035D1C0A
:1095100005EB850504EB8505BDE701F0E1FB8CE774
:109520002860C0E701F0CEFBD0E700BF0B780370E6
:109530004B7843704B8843808B888380CB88C38073
:10954000704700BF10B58021044601F0BBFB2046E8
:109550000021BDE8104001F0B5BB00BF18B303788F
:1095600030B40BB30446C0F1010C04EB0C0314F847
:10957000015FDBB2002DF8D101335B00DCB2138058
:1095800003230C704B7004785CB1022300255A1C35
:10959000D2B2CC548D5410F8014F0233DBB2002C00
:1095A000F5D130BC7047704702242346E7E700BF7F
:1095B00008B513460A460221C0E90633C0F89412E2
:1095C000002101F0BDFB002008BD00BF08B5134617
:1095D0000A46002101F0B4FB002008BD08B513467F
:1095E0000A460321C0E95633C0F89412002101F065
:1095F000B5FB002008BD00BF08B513460A46002190
:1096000001F0ACFB002008BD08B504210023C0F820
:1096100094121A46194601F093FB002008BD00BFC2
:1096200008B505210023C0F894121A46194601F026
:1096300095FB002008BD00BF094B02689A4200D08C
:109640007047084B084A0121197013780B44DBB2AC
:109650000A2B1370F4D1054B00201070197070475D
:1096600000440140651700204D17002064170020BA
:10967000124AF0B502F1180C02F10C0707CA104E9D
:10968000104D06F1080484E8070097E807000E4C27
:1096900005F1080E00238EE807009CE80700C6E9E4
:1096A0000033C4E90033C5E900336423738204F155
:1096B000080686E807006B826382F0BD08D30008C5
:1096C00068170020501700207C170020F0B54FF0DD
:1096D0002033C0F84530836445F245435322A0F857
:1096E00042303A2383B0044600F1450E80F8412011
:1096F00080F84430F0EE407A39B10023B2EE047ABB
:109700000133994267EE877AFAD1F5EEC07AF1EE2D
:1097100010FA74D4BDEEE77A17EE103A002B6BD036
:1097200040F3A480534D1A464FF0000C1046092810
:10973000A5FB02624FEAD2020CF1010CF6DCF5EE59
:10974000C07AF1EE10FA64D4F7EE007AB4EEE70ACC
:10975000F1EE10FA6BD40025ACEB0100604515DA90
:109760000CF1460C04F14606434FA444064487FB23
:109770000321DA17C2EBA10202EB8201A3EB410342
:1097800030330CF8013D66451346F0D12E22A84235
:109790000EF8002012DD4530374E2044754486FB1C
:1097A0000321DA17C2EBA10202EB8201A3EB410312
:1097B000303300F8013DA8421346F0D101250221C3
:1097C000A26BCDE900151201206904F1410312B228
:1097D000202100F0B3FFA26B2069284B0021120169
:1097E000CDE9005112B2782100F0A8FF206903B042
:1097F000BDE8F04000F0A8BD4FF0010C9FE7B1EECE
:10980000677ABDEEC77A17EE103A002B1CD14FF0E5
:10981000010CF7EE007AB4EEE70A2D22F1EE10FA11
:1098200084F8452015D40CF1010C012594E7FFEED6
:10983000007AB4EEE70AF1EE10FA8CDD3022012551
:1098400084F84520AC4487E73FF76CAF4FF0000C3D
:10985000DFE7FFEE007AB4EEE70AF1EE10FAE2DDA0
:109860003022022584F84620AC4475E74FF0000C06
:1098700065E700BFCDCCCCCC676666662CD300080C
:109880002DE9F0414FF02033C0F845308364532375
:1098900080F8413045F24543A0F842303A2382B087
:1098A000044600F1450580F84430F0EE407A39B1C5
:1098B0000023B2EE047A0133994267EE877AFAD137
:1098C000F5EEC07AF1EE10FA7DD4BDEEE77A17EE30
:1098D000103A002B63D040F3B18059489E460027D0
:1098E0007646092EA0FB0ECE4FEADE0E07F10107E9
:1098F000F6DCF5EEC07AF1EE10FA57D4F7EE007A06
:10990000B4EEE70AF1EE10FA79D40026A7EB010CC9
:10991000BC4516DA07F1460EDFF8288104F1460748
:10992000A644674488FB0310D917C1EBA00101EBE3
:109930008100A3EB400330330EF8013D77450B4621
:10994000F0D12E21B44505F80C1013DD0CF14500C3
:109950003C4F3544204487FB031CD917C1EBAC01B5
:1099600001EB810CA3EB4C03303300F8013DA8421E
:109970000B46F0D10220A36BCDE9000219010AB217
:1099800004F141032069202100F0D8FE94F8403012
:109990001BBB206902B0BDE8F04100F0D5BCF5EE7C
:1099A000C07AF1EE10FA4FF00107A7D5F7EE007A72
:1099B000B4EEE70A2D20F1EE10FA84F8450030D419
:1099C00001370126A2E7B1EE677ABDEEC77A17EE3E
:1099D000103A002B21D10127E8E700200121A26BDA
:1099E000194BCDE900101201206912B2782100F064
:1099F000A5FE206902B0BDE8F04100F0A5BCFFEE75
:109A0000007AB4EEE70AF1EE10FA7FF77EAF30206D
:109A1000012684F84500374478E73FF75EAF00271A
:109A2000C4E7FFEE007AB4EEE70AF1EE10FAC7DD04
:109A30003020022684F84600374467E7002758E7BD
:109A4000CDCCCCCC676666662CD3000870B5D0E967
:109A50000E51036B426B044603EB0110013595FB7D
:109A6000F2FC02FB1C5590F804C0A563BCF1020F88
:109A700082B03DD003EB05132D011979022908D1DD
:109A80009A6832B192ED000A20460122FFF7F8FEF3
:109A900009E0022201211B68CDE900212AB22069D8
:109AA000202100F04BFEE36B206B00EB03151A0145
:109AB000297902290BD1AD684DB1A66B95ED000A4D
:109AC000A36300222046FFF7DBFEA66309E083586C
:109AD00002210020CDE9001012B22069202100F0FF
:109AE0002DFE206900F030FCA36BE36302B070BD73
:109AF00080680028BED0A1630A01002301210193E0
:109B00000091044B206912B2782100F017FE236BFC
:109B1000A563AFE730D300082DE9F04F044683B0CA
:109B2000006900F0C5FB236B1979022908D19A68F6
:109B300032B192ED000A20460122FFF7A1FE09E0B2
:109B4000022201211B68CDE9002100222069202189
:109B500000F0F4FDD4F83490B9F1010F40F3AF8078
:109B60008F4FDFF844A2DFF8448210250126236BD3
:109B70002B441A79022A40F0BD809A68002A00F02E
:109B8000B98092ED007AD4F83890A663F2EE046AB8
:109B900067EE267A4FF0203367EEA67A5320F5EE73
:109BA000C07A45F245413A22F1EE10FAC4F8453048
:109BB00084F84100A364A4F8421084F8442004F11E
:109BC000450000F1A280FDEEE76A16EE90EABEF1D4
:109BD000000F00F0BF8040F3E080734600211A467A
:109BE000092AA8FB03C34FEAD30301F10101F6DC04
:109BF000F5EEC07AF1EE10FA00F19180F7EE007AFE
:109C0000B4EEE77AF1EE10FA00F1A6804FF0000B07
:109C100087FB0E324FEAEE73C3EBA20387FB032CE4
:109C2000DA17C2EBAC0203EB830CAEEB4C0E02EB8B
:109C3000820CA3EB4C039446421830330EF1300EE5
:109C400000F801E002F8013C2E2302F8023CCB1E92
:109C50009B4512DC43315844214487FB0C324FEAC8
:109C6000EC73C3EBA20303EB8302ACEB4202303292
:109C700001F8012D81429C46EFD102234FF0000BE9
:109C8000A26BCDE9003B120104F14103206912B23D
:109C9000202100F053FD94F84030002B4DD1206975
:109CA00000F052FBC4F83890D4F834900136B14536
:109CB00005F110053FF75BAFB9F1030F11DC394F28
:109CC000002602254FEA091220693B46CDE90056DD
:109CD00012B2202109F1010900F030FDB9F1040FA1
:109CE000F0D1206900F030FB0023C4E90E3303B04B
:109CF000BDE8F08F002102221B682069CDE9002118
:109D00002AB2202100F01AFDCEE7F1EE676AFDEEDF
:109D1000E66A16EE90EABEF1000F2CD10121F7EEB3
:109D2000007AB4EEE77A2D23F1EE10FA84F845308C
:109D300025D401314FF0010B6AE7CDF804B0A26BD6
:109D4000012300931201206912B25346782100F0DA
:109D5000F5FCA4E701214BE7FFEE007AB4EEE77AC9
:109D6000F1EE10FA7FF752AF30234FF0010B84F879
:109D7000453059444CE73FF730AF0021CFE7FFEEC5
:109D8000007AB4EEE77AF1EE10FAD2DD30234FF02C
:109D9000020B84F8463059443AE7002128E700BF17
:109DA0006766666634D300082CD30008CDCCCCCCD3
:109DB00070B56C4C218B60696568F9F76BFD2B8879
:109DC0002A7CB0FA80F040095B00824208BF43F071
:109DD00001039BB240F2FF31C3F309028A422B8098
:109DE00000F08480002A4FD12A716B792BB1AB79B6
:109DF000002B00F0B48000236B80A668218CE06902
:109E00006B71F9F747FD3388327CB0FA80F0400976
:109E10005B00824208BF43F001039BB240F2FF3176
:109E2000C3F309028A42338050D0002A7BD13271B9
:109E300073792BB1B379002B00F08C8000237380F1
:109E4000E568218D606A7371F9F724FD2B882A7CFF
:109E5000B0FA80F040095B00824208BF43F0010382
:109E60009BB240F2FF31C3F309028A422B801CD01F
:109E7000002A49D12A716B7923B1AB79002B66D0C6
:109E800000236B806B7170BD2B79002BADD06B798B
:109E9000002B30D10122AB716A806B8A93425CD86F
:109EA00040F20133EB800123A7E701232B716B798B
:109EB000002B2FD10122AB716A806B8A934243D869
:109EC00040F20133EB8001236B7170BD01233371CC
:109ED0007379002B2DD10122B3717280738A934262
:109EE00030D840F20133F3800123A9E701232B711D
:109EF0006B79002BCED06A88AB79013292B26A803E
:109F0000002B7FF47AAFC8E72B79002BB3D06B79A5
:109F1000002BCFD06A88AB79013292B26A80002BD5
:109F2000CBD06B7170BD3379002B81D07379002B4E
:109F3000D1D07288B379013292B27280002B7FF453
:109F40007FAFCBE701237BE701236B7170BD01235A
:109F5000EB7195E70123F37170E701234DE70123CE
:109F6000EB7148E79017002070B5B14CD4E90112AD
:109F70000023C879CB71D679D371E2680128D579ED
:109F8000D37182B000F0DE80012E00F0CD80012D73
:109F900025D0032D01D002B070BDA36B216B1A0137
:109FA00001EB03131879012800F0F680022820D075
:109FB0000028F0D1E26C022A08DC501C0B32E0646D
:109FC00044F8321004EBC202616B5160D3E9022302
:109FD0009748C4E90C23FFF79FFD02B070BDA36B47
:109FE000216B1A0101EB031318790028E2D0022833
:109FF000D1D194F8401081F0010184F8401000297B
:10A0000000F0BB809B688B4993ED007AF2EE046A06
:10A0100067EE267A4FF0203367EEA67AC4F8453013
:10A02000F5EEC07A532045F24542C1F80330F1EE17
:10A0300010FA4FF03A0384F84100A4F8422084F863
:10A04000443000F1BB80FDEEE76A16EE90EABEF107
:10A05000000F00F0CA8040F3E98077497346002082
:10A060001A46092AA1FB035300F101004FEAD3036A
:10A07000F6DCF5EEC07AF1EE10FA00F1A980F7EE09
:10A08000007AB4EEE77AF1EE10FA00F1B080002623
:10A090006A4D4FEAEE7385FB0E12C3EBA20385FBFC
:10A0A0000321DA17C2EBA10203EB8301AEEB410EF1
:10A0B00002EB820104EB000CA3EB410330338CF87C
:10A0C00044302E238CF84330C31E0EF1300E9E42D6
:10A0D0008CF845E0114613DC594B4230204403EB29
:10A0E000060C85FB0132CB17C3EBA20303EB830203
:10A0F000A1EB4202303200F8012960451946F0D147
:10A10000A26B504B2069012502211201CDE90015F7
:10A1100012B2202100F012FBA26B20694A4B0021F1
:10A12000CDE9005112012DE094F8403033B1A26B1B
:10A13000236B03EB02131979022932D03C48FFF755
:10A1400085FC24E7E36C002B11DB03F10A02013BE1
:10A15000E36404EBC20354F832205B682263636358
:10A160000023334884F84030FFF7D6FC0CE723681F
:10A17000E26ADB68C4E90C23F2E70120CDE90001C3
:10A18000324B206912B2782100F0D8FA206902B06F
:10A19000BDE8704000F0D8B89B6802B0BDE87040E0
:10A1A00018479A68D3ED037A92ED000A204830EE02
:10A1B000270A82ED000AFFF789FAE8E6F1EE676AFE
:10A1C000FDEEE66A16EE90EABEF1000F1DD1012009
:10A1D000F7EE007AB4EEE77A2D23F1EE10FA84F868
:10A1E000453016D40130012652E7012041E7FFEE49
:10A1F000007AB4EEE77AF1EE10FA7FF748AF302339
:10A20000012684F84530304442E73FF726AF00206E
:10A21000DEE7FFEE007AB4EEE77AF1EE10FAE1DD68
:10A220003023022684F84630304431E7002020E70E
:10A2300090170020D5170020CDCCCCCC6766666681
:10A24000D4170020D11700202CD3000830D30008E9
:10A2500070B5154E154C4FF0FF33B646E364BEE8BB
:10A260000F00A446ACE80F00BEE80F00ACE80F00FA
:10A270009EE8070000258CE807002022294604F10B
:10A280005000C4F84550C4E90E5584F84050C4F855
:10A290004150A56401F090FB3268D2E90232C4E972
:10A2A0000B33626370BD00BF840200209017002052
:10A2B0002DE9F04786B006464FF0B00A0DF11708B9
:10A2C0000A274FF0000901253068CDF800802B46A1
:10A2D00000227821CDE901578DF817A0F9F766FC27
:10A2E0003068CDF800802B4600227821CDE9015757
:10A2F00010248DF81790F9F759FC3068CDF80080DC
:10A30000CDE901572B46002278218DF81740F9F747
:10A310004DFC80243068CDF800800123CDE9015741
:10A32000402278218DF81790F9F740FC631E13F056
:10A33000FF04EFD10AF1010A5FFA8AFABAF1B80F05
:10A34000C1D106B0BDE8F0872DE9F04F87B00546D2
:10A350004FF080094FF0000B4FF0B00A0DF11708D5
:10A360000A27012600242868CDF800802246012310
:10A370007821CDE901678DF817A0F9F717FC286857
:10A38000CDF80080224601237821CDE901678DF8C0
:10A390001740F9F70BFC2868CDF800804FF0100C3F
:10A3A0002246CDE90167012378218DF817C0F9F71E
:10A3B000FDFB5C46D5E9000313F804C0CDF800802E
:10A3C00001231C44CDE90167402278218DF817C094
:10A3D000F9F7ECFB4C45EDD10BF1800B0AF1010ACA
:10A3E000BBF5806F5FFA8AFA04F18009BAD107B031
:10A3F000BDE8F08F2DE9F047012686B04FF00A083E
:10A40000CDE901680DF11707AE22009705463346E6
:10A410008DF81720782100220068F9F7C7FBCDE9F5
:10A420000168009733464FF0200900227821286800
:10A430008DF81790F9F7BAFBCDE90168009733461C
:10A440004FF0100A0022782128688DF817A0F9F73C
:10A45000ADFBCDE901680097334600227821B02496
:10A4600028688DF81740F9F7A1FBCDE901680024B1
:10A4700000974FF0C80C33462246782128688DF8A3
:10A4800017C0F9F793FBCDE90168009733462246E0
:10A49000782128688DF81740F9F788FBCDE9016825
:10A4A000009733462246782128688DF817A0F9F7DF
:10A4B0007DFBCDE90168009733464FF0400C224602
:10A4C000782128688DF817C0F9F770FBCDE901688D
:10A4D000009733464FF0810C2246782128688DF88A
:10A4E00017C0F9F763FBCDE90168009733464FF0D9
:10A4F000FF0C2246782128688DF817C0F9F756FB23
:10A50000CDE90168009733464FF0A10C224678212F
:10A5100028688DF817C0F9F749FBCDE90168009765
:10A5200033464FF0A60C2246782128688DF817C0D4
:10A53000F9F73CFBCDE90168009733464FF0A80CD2
:10A540002246782128688DF817C0F9F72FFBCDE94E
:10A550000168009733464FF03F0C22467821286867
:10A560008DF817C0F9F722FBCDE901680097334653
:10A570004FF0A40C2246782128688DF817C0F9F70F
:10A5800015FBCDE9016800974FF0D30C3346224606
:10A59000782128688DF817C0F9F708FBCDE9016824
:10A5A000009733462246782128688DF81740F9F73E
:10A5B000FDFACDE90168009733464FF0D50C2246ED
:10A5C000782128688DF817C0F9F7F0FACDE901680D
:10A5D000009733464FF0F00C2246782128688DF81A
:10A5E00017C0F9F7E3FACDE90168009733464FF059
:10A5F000D90C2246782128688DF817C0F9F7D6FAC9
:10A60000CDE90168009733464FF0220C22467821AD
:10A6100028688DF817C0F9F7C9FACDE901680097E5
:10A6200033464FF0DA0C2246782128688DF817C09F
:10A63000F9F7BCFACDE90168009733464FF0120CE8
:10A640002246782128688DF817C0F9F7AFFACDE9CE
:10A65000016800974FF0DB0C3346224678212868CA
:10A660008DF817C0F9F7A2FACDE9016800973346D3
:10A670002246782128688DF81790F9F797FACDE9E6
:10A680000168009733464FF08D0C224678212868E8
:10A690008DF817C0F9F78AFACDE9016800973346BB
:10A6A0004FF0140C2246782128688DF817C0F9F76E
:10A6B0007DFACDE901680097334622467821286863
:10A6C000AF268DF81760F9F771FA224621466B68BC
:10A6D00099540132B2F5806FF9D1284606B0BDE831
:10A6E000F047FFF731BE00BF1FFA81FCBCF17F0FBE
:10A6F00015D81FFA82FCBCF13F0F10D810B47BB103
:10A70000D31001EBC311406802F00702445C01233F
:10A7100003FA02F2224342545DF8044B704770473B
:10A72000D310446801EBC31102F00702635C0120FF
:10A7300000FA02F223EA02026254EDE72DE9F04F3B
:10A740008DB00546079318468BB29DF858409DF88A
:10A750005CA003947F2B019268D893B23F2B65D8FD
:10A76000002863D0012C0CBF062208220378069231
:10A770000CBF082210220892002B5AD0012200920E
:10A7800010E0039A022A5AD08BB20593DDE9051333
:10A79000194409B2009A079B9B5C0132D2B2009225
:10A7A000002B46D0A3F12009B9F15F0FF2D8069A29
:10A7B0008A18802A05DD019A08990A4412B201928A
:10A7C0000021019A08980244402A32DC039A012AA7
:10A7D000D7D1484BBDF804708AB209EB490903EBA5
:10A7E0004909931D9BB205920293904619F801BB4B
:10A7F0000FFA88F600244BFA04F3DB4303F001035D
:10A80000A3EB0A033A19B3FA83F35B0912B20134DA
:10A8100031462846FFF768FF082CECD1029B08F16F
:10A8200001081FFA88F84345E0D1AFE70DB0BDE855
:10A83000F08F28460DB0BDE8F04FFFF785BD2E4ADA
:10A8400002EB03136FF4007289B213440B9301F10E
:10A8500008039BB20493BDF804300A9300230591CA
:10A8600009934FF0010BDDE9092313449BB20293D6
:10A870000B9B059803EB020919F8017F029B0FFA65
:10A8800080F800227F281DD847FA02F1C9433F2BE8
:10A8900001F001011CB215D880264FEAE40E4FEA00
:10A8A000E40C1EFB068E1CFB068C04F007060BFA5C
:10A8B00006F65145344615D1696811F80E40264315
:10A8C00001F80E6001320133082A9BB2DAD1049BF1
:10A8D000013080B28342CFD1099B0833102B0993FA
:10A8E000C1D153E76E6816F80C1021EA040406F88B
:10A8F0000C40E7E7DCD3000804D6000808B5184987
:10A9000018480022FEF74AFA70B917491548FEF7B1
:10A9100059FA88B915491348FEF708FAA0B9114841
:10A92000FEF76AFAB8B908BDF7F7A2F90E490D4863
:10A93000FEF748FA0028EDD0F7F79AF90B490948D5
:10A94000FEF7F4F90028EAD0F7F792F90548FEF788
:10A9500053FA0028E7D0BDE80840F7F789B900BFEF
:10A96000A40300200418002074010020900300209C
:10A9700000207047002070470020704710B5054C3C
:10A9800001462046FEF7E6F92046FEF7EDF90020E5
:10A9900010BD00BF0418002010B5064C0649002267
:10A9A0002046FEF7CBF905492046FEF7D3F90020F3
:10A9B00010BD00BF04180020D4220020D41A0020AB
:10A9C000122301480B807047C40300200423014870
:10A9D0000B807047D803002010B5044C04480A4689
:10A9E0002146FEF7BBFD204610BD00BFD42A002043
:10A9F000F4DB000810B5044C04480A462146FEF773
:10AA0000ADFD204610BD00BFD42A002008DC0008A0
:10AA100010B5044C04480A462146FEF79FFD204627
:10AA200010BD00BFD42A002020DC000810B5044C63
:10AA300004480A462146FEF791FD204610BD00BF9E
:10AA4000D42A00202CDC00082048D0F89035D0F81B
:10AA5000982530B59B184FF01A040C8001D11C4882
:10AA600030BD1B4AD0F894154FF0000E10467546C5
:10AA7000B3F1204F4FEA137C0CF130040EF1020EBB
:10AA80002ABF0CF1370C847080F802C0BEF1100FA1
:10AA9000C5704FEA031300F10200E9D1002004461B
:10AAA000B1F1204F4FEA117303F1300C00F10200B5
:10AAB0002ABF373382F812C093740828D4744FEA3F
:10AAC000011102F10202EBD1014830BD0070FF1FFD
:10AAD000DC03002010B5044696B05422002101A8E2
:10AAE00000F06AFF114B22689A4201D016B010BDE7
:10AAF0004FF4005301A80193FAF73CFD98B90C4BB1
:10AB0000996D41F4000199659B6D002203F40003E7
:10AB1000114600931420009BF8F7ACFA1420F8F7C4
:10AB2000E7FA16B010BDF7F7A3F8E8E7005C0040BD
:10AB30000010024000F52671D0F8D802FEF76EB979
:10AB400001EB810300EBC303D0F8D802D3F86421F2
:10AB5000FEF794B901EB810300EBC303D0F8D802F0
:10AB60005A6AFEF7BFB900BFD0F8D802FEF758BA4C
:10AB700010B54379022B044601D0F7F779F8D4F8E1
:10AB8000D8020121FEF730FAD4F8D802BDE810400F
:10AB9000FEF7FEB910B50446D0F8D802FEF728FA41
:10ABA000637A23B1024A136943F00603136110BDAF
:10ABB00000ED00E010B5437A04462BB9D4F8D80272
:10ABC000BDE81040FEF720BA064A136923F00603D9
:10ABD0001361F6F7D5FFD4F8D802BDE81040FEF7B0
:10ABE00013BA00BF00ED00E01E4B10B54FF4027227
:10ABF0000446C3F8D8029A801B481860002202213C
:10AC0000C4F8C43218469A60D971F9F725F930BBF7
:10AC100000221146D4F8C4021823FAF741F8D4F8F8
:10AC2000C402582300228021FAF73AF8D4F8C4026B
:10AC3000C02300228121FAF733F8D4F8C4024FF47C
:10AC4000887300220121FAF72BF8D4F8C4024FF4DC
:10AC5000807300228221FAF723F8002010BDF7F755
:10AC600007F8D5E7D42C0020005C004008B5D0F8E8
:10AC7000C402F9F745F9032896BF024B0320185C7C
:10AC800008BD00BF3CDC0008944608B51A46D0F861
:10AC9000C4026346F9F7EAFE032896BF014B03207E
:10ACA000185C08BD3CDC000808B5D0F8C402F9F710
:10ACB00015FF032896BF024B0320185C08BD00BF98
:10ACC0003CDC000808B5D0F8C402F9F777FF032888
:10ACD00096BF024B0320185C08BD00BF3CDC000897
:10ACE00008B5D0F8C402F9F7A3FF032896BF024BBA
:10ACF0000320185C08BD00BF3CDC00080A06D0F841
:10AD0000C43206D401EB810103EBC10191F8520179
:10AD1000704701F07F0101EB810103EBC101887CE9
:10AD2000704700BF08B5D0F8C402F9F78BFE0328BE
:10AD300096BF024B0320185C08BD00BF3CDC000836
:10AD400008B5D0F8C402F9F71BFF032896BF024BE1
:10AD50000320185C08BD00BF3CDC000808B5D0F833
:10AD6000C402F9F7E9FE032896BF024B0320185CE2
:10AD700008BD00BF3CDC0008D0F8C402F9F7F6BEFD
:10AD800010B5044669B101290AD1D0F8D802FEF7FE
:10AD90002FF9637A23B10D4A136943F00603136157
:10ADA00010BD437A2BB9D4F8D802BDE81040FEF7A5
:10ADB0002BB9F6F7E5FE054AD4F8D802136923F05B
:10ADC0000603BDE810401361FEF71EB900ED00E078
:10ADD00000487047B02F0020704700BF0346084668
:10ADE000194600F0B1BD00BF70B5036884B00024FF
:10ADF0009E690394102315460293CDE900446B46E7
:10AE00001268B0479DF8043003F00603062B03BF19
:10AE1000009B2B600120204604B070BD009890423A
:10AE200014BF01200620704710B5034B0360044691
:10AE300000F0E6F8204610BD78DC000810B5054BA0
:10AE40000360044600F0DCF82046082100F04AF8D0
:10AE5000204610BD78DC00082DE9F041069F0899D6
:10AE6000099E8F42044690461D460CD02946204636
:10AE700000F0CAF820B10123376086F80480B3716E
:10AE80000020BDE8F081079900F0BEF80028EDD061
:10AE900086F805800020BDE8F08100BF38B5154672
:10AEA0001C4600F0B1F800B938BD08220623256021
:10AEB000E260237138BD00BF2DE9F0410646174618
:10AEC0001D460C4600F0A0F848B9032D07D82368AA
:10AED0003A46314620465B69BDE8F0411847BDE877
:10AEE000F08100BF00F09ABB10B5034B036004462D
:10AEF000FFF79AFF204610BDD8DC000810B5054BBF
:10AF000003600446FFF790FF20460C21FFF7EAFF9D
:10AF1000204610BDD8DC000870B582B00446069EFD
:10AF200096420D4609D0A06804680696246A294610
:10AF3000A44602B0BDE870406047194601920093F4
:10AF400000F062F8DDE900320028ECD0062002B003
:10AF500070BD00BF2DE9F04F0C4681B01946DDE908
:10AF60000A69DDE90C879B460546924600F04CF8DD
:10AF700080B9464525D0A86821460468CDE90C87EC
:10AF8000CDE90A69E4695B465246A44601B0BDE8D2
:10AF9000F04F6047002C3E6087F804A00CDB34447F
:10AFA000A0450CBF4FF006084FF0010887F8068057
:10AFB000002001B0BDE8F08F0234F9D10123BB714C
:10AFC000F6E74946284600F01FF80028D3D087F856
:10AFD00005A0EDE72DE9F04106460F4614461D4653
:10AFE000FFF75CFF48B9B068016822468C692B46C0
:10AFF0003946A446BDE8F0416047BDE8F08100BF96
:10B00000704700BF00207047814211D008B54068EA
:10B0100003782A2B0AD049680B782A2B08BF013104
:10B02000F6F712F9B0FA80F0400908BD002008BD1B
:10B030000120704710B5034B03600446FFF7F4FE90
:10B04000204610BD50DD000810B5054B03600446D6
:10B05000FFF7EAFE20461821FFF744FF204610BD07
:10B0600050DD00082DE9F04F83B09146DDF830A0A7
:10B07000524505460F46984631D0E868461E10B343
:10B0800005EBC005EC6814F0020F4346394606F1A3
:10B09000FF364FEA242212D014F0010404D0F81C29
:10B0A0000DD0D9F800008258A868D0F800C0CDF8BB
:10B0B00000A0DCF820B04A44D847032807D8741C05
:10B0C000A5F10805DED1012003B0BDE8F08F002C0A
:10B0D000FAD040F00100C0B203B0BDE8F08F1946CD
:10B0E000FFF792FF0028C8D00620EDE72DE9F04FCA
:10B0F00093B098461F9CDDF870B0A3680B90DB06F8
:10B100008946099201D58368A3601E9B9B4500F088
:10B110008A810B984146FFF777FF002840F06C8149
:10B12000B9F1000FA9BF1E9B0790A3EB090307937A
:10B13000002306930C9302230D9301230893099B8C
:10B1400043F001030A9349460B9BDE68771E002EED
:10B1500000F08E8003EBC6064FF0000A0497F068FB
:10B16000A5681195C707CDE90FAA48BFDBF80020F5
:10B17000079F58BF099A4FEA202344BFD3580A9A21
:10B180005B444FB19F42089F2CBF4FF0000C4FF023
:10B19000010CBC4500F09380800704D48F1C00F0A4
:10B1A0008B8002F0FD02B0680591056800931E9B3C
:10B1B00002930DF13C0C1D9B0193CDF80CC0ED6981
:10B1C0004346A84762799DF841309DF842501343A9
:10B1D000062D637100F03881022D059900F034814D
:10B1E000069A002A5FD12268002A00F09D80DDF8CF
:10B1F0003CC0944500F08C80BCF1000F00F0A380AF
:10B20000032B94F806903ED9DF0702D5A06880078B
:10B2100039D4B9F1010F38BF4FF00109012D38BF02
:10B2200001255FFA89F9EDB285EA0903DBB2032B48
:10B2300040F29480032D40F2DB800F9A05F0020368
:10B2400022609DF84020227100220692A571002BF9
:10B2500040F0AE80EB0740F1AB806379042B5FD008
:10B26000049B013B04930133A6F108067FF477AFFA
:10B270000C9B002B54D00D9B012B51D001230D931F
:10B280000023089360E7B9F1000F2AD1032D78D984
:10B29000EF0772D485F00103DBB2032B64D9624659
:10B2A00005F00203CCE72268002AA0D1DDF83CC0FB
:10B2B000BCF1000FA4D1D1E7A807D1D071E70123D9
:10B2C0000C93CDE78F1C00F0E7801E9B0093D8F80D
:10B2D00000300591D3F820901D9B4046C847059942
:10B2E0008146002DA0D1B9F1030F67D919F0010FE4
:10B2F00057D00B9B9B689D0760D489F00103DBB29C
:10B30000032B31D919F0020F84F80690A5D04FE035
:10B3100022799DF84000042B42EA000222719FD15D
:10B32000069813B0BDE8F08F0F9A9DF84050226048
:10B330002571002A00F08680EBB10B9A0690926886
:10B34000D207EDD58AE700287FF45AAF86E789F067
:10B350000603DBB2032B00F2AA80062505EA0905E5
:10B36000EDB2032D00F29C806379C4F800A00122A5
:10B37000A271069272E7069072E70B9880688007C8
:10B3800088D500299EDB1E980A4490427DD0002D6E
:10B390006DD085F00102D2B2032AE6D94FF001093F
:10B3A00048E789F00103DBB2032BDDD984F806906E
:10B3B00000230693069813B0BDE8F08F00290F9A7A
:10B3C0000DDA881C0FD01E9B0093D8F80030059131
:10B3D0001D6A1D9B4046A8470599054624E71E980F
:10B3E00053189842B3D089F00103DBB2032BBBD9C9
:10B3F00009F002034D4629E7099BC4F800B0B9F1F2
:10B40000000F23712BDB1E9BD9444B450CBF4FF023
:10B4100006094FF0010900230693069884F8069068
:10B4200013B0BDE8F08F1D990B98FFF7EDFD0028D4
:10B430003FF46FAE099B637100230693069813B027
:10B44000BDE8F08F069009E706900F9A9DF840300E
:10B45000069822602371A57113B0BDE8F08F19F131
:10B46000020FA5D10123A3710023069358E71E9A6A
:10B470000CEB01039A427FF477AF9DF84020C4F8AB
:10B4800000C006232271A37192E715B14FF006099F
:10B49000CAE60623A3718BE7002D7FF47AAF63E73A
:10B4A00002230022A37101232260069338E79DF84E
:10B4B0004010226006232171A37179E72DE9F04F36
:10B4C0002DED028B89B008EE101A044603909146C8
:10B4D0009A46FFF7E3FC054600285ED1DAF808300B
:10B4E0000193DE0600F18A80039BDC68671E002C56
:10B4F0004ED003EBC404019B03F00103029300262A
:10B500000DF1100BE268019B0496CDE9063602F0BE
:10B5100001030093029B8DF8146002F0020853EAC5
:10B52000080330D0B9F1000F3DD0009B121213B1C7
:10B53000D9F800309A584A44A06801685B468D6982
:10B5400018EE101AA8470546E8B1079B082B2CD027
:10B550009DF81430032B06D9B8F1000F03D123F066
:10B5600002038DF81430DAF80C1021B3DAF8003049
:10B57000049A934245D16BB39AF804309DF8142095
:10B5800013438AF80430013F7D1CA4F10804B9D1AB
:10B590009AF80450003D18BF0125284609B0BDECBB
:10B5A000028BBDE8F08F4A46C6E7009B002BCFD048
:10B5B000A3680793CCE79BE80F008AE80F009AF88E
:10B5C0000430032BE9D9980711D5039B9B68D90751
:10B5D000D9D4E2E70798082805D0082903D0FFF757
:10B5E00013FD0028C8D102238AF80430D5E7DA0712
:10B5F000D3D5039B9B689B07C5D4CEE7A368019373
:10B6000072E7002202232846CAF800208AF8043094
:10B6100009B0BDEC028BBDE8F08F00BF00F0C4B9EB
:10B6200000F000B810B582B0CDED010A019B23F007
:10B630000042B2F1FF4FF0EE407A30DC10EE100A1B
:10B6400020F00041B1F1FF4F29DCB3F17E5F42D021
:10B650009C1704F0020444EAD07431B37AB3B2F117
:10B66000FF4F40D0B1F1FF4F29D08A1AB2F1F45FF9
:10B670004FEAE25134DA002B42DA3C3140DA9FEDF6
:10B68000340A012C4ED0022C43D064B19FED317AA4
:10B69000DFED317A30EE070A30EE670A03E09DED08
:10B6A000017A37EE270A02B010BD022C10D09FEDB0
:10B6B0002B0A032C18BFB0EE670A02B010BD9FED35
:10B6C000280ADFED287A0028B8BFB0EE670AEAE75B
:10B6D0009FED210AE7E702B0BDE8104000F04AB84C
:10B6E0009FED1F0ACDE7B1F1FF4F04F1FF3420D0E9
:10B6F000022C26D81C4B03EB840494ED000AD2E7FD
:10B700009DED017A87EE870A00F00EF900F032F81D
:10B71000B7E79FED107ADFED107A30EE070A37EECB
:10B72000C00AC0E710EE103A03F1004300EE103AF1
:10B73000B9E7022C08D80D4B03EB840494ED000A02
:10B74000B1E79FED030AAEE79FED090AABE700BF43
:10B75000000000002EBDBB33DB0F4940DB0F49C0AA
:10B76000DB0FC93FDB0FC9BF80DD000874DD0008B7
:10B77000DB0F493F38B510EE105A25F00044B4F104
:10B78000A14FF0EE407A0BDBB4F1FF4F5BDCDFED55
:10B79000537A9FED530A002DC8BFB0EE670A38BD3B
:10B7A000504B9C425EDCB4F1445F4FDB4FF0FF3303
:10B7B00067EEA76ADFED4C4ADFED4C5A9FED4C5A1D
:10B7C0009FED4C4A26EEA67AB0EE666AE7EE245A62
:10B7D0005A1CDFED494ADFED496AA5EE875AE7EECC
:10B7E000246ADFED475ADFED474AE6EE875AA5EEB9
:10B7F000074A9FED455ADFED456AA5EE875AE4EE0C
:10B80000074ADFED435AE4EE876AE5EE075A66EE33
:10B81000866A25EE877A3AD03E4A02EB830276EEBC
:10B82000876A92ED000A3C4A96EEA70A02EB830370
:10B83000002D93ED007A70EE677A37EE670AAEDA84
:10B84000B1EE400A38BD30EE000A38BD9FED337AC4
:10B8500030EE077AF7EE006AB4EEE67AF1EE10FA0F
:10B86000A4DD38BD00F060F82D4B9C4216DCA3F53A
:10B87000D0039C4227DCF0EE007ABFEE007AA0EE07
:10B88000277A002330EE270AC7EE007A90E776EE9B
:10B89000876AE6EEE77AB0EE670A38BD214B9C4234
:10B8A0000BDCF7EE087AB7EE007AA0EE277A0223D7
:10B8B00030EE670AC0EE077A7AE7BFEE007AC7EE8D
:10B8C000007A032374E7F7EE007A30EE677A30EE01
:10B8D000270A0123C7EE007A6AE700BFDB0FC93FE2
:10B8E000DB0FC9BFFFFFDF3ED769853C59DA4B3D0F
:10B8F000356B883D6E2EBA3D21A215BD6BF16EBD34
:10B9000095879DBD2549123E388EE3BDABAAAA3E60
:10B91000CDCC4CBE9CDD00088CDD0008CAF249711C
:10B92000FFFF973FFFFF1B4010EE103A23F000434C
:10B9300000EE103A704700BF08B5062000F0ACF8E2
:10B940000120F6F76FFA00BF13460A4601460220AF
:10B9500000F0E8B8014B1868704700BFF8030020FA
:10B9600070B50D4E0D4D761BB61006D0002455F85F
:10B97000043B01349847A642F9D1094E094D761B84
:10B9800000F096FAB61006D0002455F8043B0134B6
:10B990009847A642F9D170BDF4DF0008F4DF000833
:10B9A0000CE00008F4DF0008024B0146186800F0C4
:10B9B00075B900BFF8030020830730B548D0541E86
:10B9C000002A3FD0CAB2034601E0013C3AD303F853
:10B9D000012B9D07F9D1032C2DD9CDB245EA0525C0
:10B9E0000F2C45EA054536D9A4F1100222F00F0CC0
:10B9F00003F1200EE6444FEA121C03F1100242E963
:10BA0000045542E9025510327245F8D10CF1010299
:10BA100014F00C0F03EB021204F00F0C13D0ACF176
:10BA2000040323F003030433134442F8045B9342FA
:10BA3000FBD10CF003042CB1CAB21C4403F8012B57
:10BA40009C42FBD130BD64461346002CF4D1F9E78B
:10BA500003461446BFE71A46A446E0E7014800F053
:10BA600023BA00BF00320020014800F01FBA00BF17
:10BA70000032002038B5074D0022044608462A60EF
:10BA8000F6F7D6F9431C00D038BD2B68002BFBD04D
:10BA9000236038BD0432002038B5154B1F281D68BF
:10BAA00020D8D5F8DC22044662B152F820304BB1E0
:10BAB000012B15D0591C0FD0002542F82050984773
:10BAC000284638BD284600F02BF822460146284675
:10BAD000BDE8384000F00EB816232B60012038BDB9
:10BAE000002038BD16232B604FF0FF3038BD00BF5B
:10BAF000F803002070B50C46084D0346002620468A
:10BB000011461C462E60F6F785F9431C00D070BD27
:10BB10002B68002BFBD0236070BD00BF04320020D7
:10BB2000F6F776B92DE9F047DFF880A00646DAF897
:10BB3000000098460F46914600F0B6F91A4B1B6874
:10BB4000D3F8484124B365681F2D26DC5EB96B1C11
:10BB50000235DAF80000636044F8257000F0A6F9B9
:10BB60000020BDE8F08704EB85010123C1F888902F
:10BB7000D4F88821AB401A43022EC4F88821C1F8BA
:10BB80000881E4D1D4F88C211343C4F88C31DEE76A
:10BB900003F5A674C3F84841D5E7DAF8000000F0D1
:10BBA00085F94FF0FF30DCE7ACDD0008380C0020F1
:10BBB000024B13B1024800F005B8704700000000C6
:10BBC000D1BB0008002301461A461846FFF7AABF5A
:10BBD00038B5084B084D5B1B9C1007D0043B1D4437
:10BBE000013C55F804399847002CF9D1BDE838409C
:10BBF00000F064B910E000080CE00008F8B5244F2C
:10BC00000C460646FFF72AFFBA685568C4F57E63FE
:10BC10000F3325F003052B4423F47F6323F00F0338
:10BC2000A3F58054B4F5805F07DB00213046FFF7B1
:10BC300021FFBB682B44984204D03046FFF714FF25
:10BC40000020F8BD61423046FFF714FF01300DD0EF
:10BC5000104ABB682D1B45F001055D601368304636
:10BC60001B1B1360FFF700FF0120F8BD00213046C9
:10BC7000FFF700FFBA68831A0F2BDEDD43F00103E4
:10BC80005360054B03491B68C01A0860D5E700BF25
:10BC900028080020D0310020300C0020002961D07D
:10BCA000F8B50C460646FFF7D9FE54F8042C7B4F36
:10BCB000A4F1080522F0010105EB010CB868DCF8DD
:10BCC0000430604523F0030300F08B80D207CCF8EA
:10BCD000043032D454F8082CAD1A1144AA6807F184
:10BCE000080082426AD00CEB0304D4F804E0EC684C
:10BCF000D4601EF0010FA26000F0978041F00103B4
:10BD00006B60CCF80010B1F5007F35D27A68CB08B3
:10BD100048090121013381401143796007EBC302D7
:10BD200057F83310083AC5E9021247F83350CD608E
:10BD30003046BDE8F840FFF797BE0CEB03025268AF
:10BD4000D00710D4194407F10800DCF8083083420A
:10BD500073D0DCF80C20DA60936041F001036B6073
:10BD60006950D0E7704741F00103B1F5007F44F816
:10BD7000043CCCF80010C9D3B1F5206F4FEA512331
:10BD800048D28B0903F1390003F13802C300F818D7
:10BD9000FB580838984259D05A6822F003028A4268
:10BDA00002D99B689842F7D1D868C5E9023085600E
:10BDB000DD603046BDE8F840FFF756BE0CEB0302ED
:10BDC0005268D20763D40B44DCE90212CA60916066
:10BDD00043F001026A603046EB50BDE8F840FFF7DF
:10BDE00043BE0B44D10707D454F8082CAD1A1344B2
:10BDF000D5E90212CA60916043F001026A60284AE4
:10BE0000BD6012689A4293D8264B30461968FFF7F6
:10BE1000F5FE8DE7142B0AD9542B1FD80B0B03F119
:10BE20006F0003F16E02C300B1E719448DE703F11F
:10BE30005C0003F15B02C300A9E741F00103C7E91D
:10BE40000455C5E902006B60695071E7796892108A
:10BE5000012404FA02F20A437A60A6E7B3F5AA7F46
:10BE600006D8CB0B03F1780003F17702C3008EE70D
:10BE700040F25452934206D88B0C03F17D0003F13B
:10BE80007C02C30083E74FF47E737E227FE741F09C
:10BE900001036B60CCF800104AE700BF28080020BF
:10BEA000340C0020F8310020704700BF704700BFFD
:10BEB000F8B500BFF8BC08BC9E467047F8B500BF97
:08BEC000F8BC08BC9E46704767
:10BEC80010B52DED028B144C82B0B0EE408A684656
:10BED800B0EE410AF0EE608A84ED021A00F062FBCF
:10BEE8000E4BDFED0F6A93F93430C4ED0C8A07EE80
:10BEF800103AB8EEC77AF0EE487AE7EE267A6A4644
:10BF080004F12C0104F13C00C4ED0B7A00F08CFB29
:10BF180002B0BDEC028B10BDF8130020681500209C
:10BF28009A99993F70B52DED048B3F4C3F4D84EDA8
:10BF3800021A82B0B0EE409A6846B0EE410A04F1A7
:10BF48002406F0EE608A00F02DFB6A4604F1340105
:10BF5800304600F04FFBD5ED125AD4ED096A95ED45
:10BF6800136AD4ED0A7A324BB0EE007AE5EE876AAE
:10BF780005F15002E6EE077A95ED146AD5ED155AEB
:10BF880093ED015A76EE866A93ED006AB7EE007A71
:10BF980037EE468A77EEA57AF5EE005A28EE058A3E
:10BFA80067EEA57A66EEA56AA6EE278A83ED018A72
:10BFB800204B93ED006AD3ED015A77EE467A67EE8F
:10BFC800A57AE6EE267AC3ED017A05F1480393E8EF
:10BFD800030082E8030096E8030039EE670A83E865
:10BFE8000300154800F0E4FB95F93430DFED136ADF
:10BFF800134807EE103AB8EEC77AF0EE407AE7EE4B
:10C00800267A38EEC80AC4ED0B7A00F0D1FB6A46EE
:10C0180004F12C0104F13C0084ED0C0A00F004FB4F
:10C0280002B0BDEC048B70BDF81300206815002029
:10C03800C8150020C01500202C1600209A99993F99
:10C0480060160020DFED1C7AB4EEE71A10B5F1EEA9
:10C0580010FAC8BF31EE671A2DED028BB5EEC01A83
:10C06800F1EE10FA48BFDFED147A144C48BF31EEF8
:10C07800271A82B0F0EE408A6846B0EE410AB0EE68
:10C08800608A84ED021A00F08DFA6A4604F13401E0
:10C0980004F1240000F0AEFA6A4604F12C0104F120
:10C0A8003C00C4ED0B8A84ED0C8A00F0BDFA02B0A6
:10C0B800BDEC028B10BD00BFDB0FC940F813002098
:10C0C800DFED1E7AF4EEE70A10B5F1EE10FAC8BFFC
:10C0D80070EEE70A2DED028BF5EEC00AF1EE10FACC
:10C0E80048BFDFED167A164C48BF70EEA70A82B03B
:10C0F800B0EE408A6846B0EE600AC4ED020A00F06D
:10C1080051FA6A4604F1340104F1240000F072FA8D
:10C1180094ED090A0B4838EE400A00F049FB002369
:10C128006A4604F12C0104F13C0084ED0B0A2363F8
:10C1380000F07AFA02B0BDEC028B10BDDB0FC940EB
:10C14800F81300202C160020DFED247AB4EEE71A4D
:10C1580010B5F1EE10FAC8BF31EE671A2DED028B5B
:10C16800B5EEC01AF1EE10FA48BFDFED1C7A1C4C90
:10C1780048BF31EE271A82B0F0EE408A6846B0EE2A
:10C18800410AB0EE608A84ED021A00F00BFA6A46A2
:10C1980004F1340104F1240000F02CFA94ED090AAA
:10C1A800104838EEC00A00F003FBF0EE407A94ED38
:10C1B8000A0A0D48C4ED0B7A38EE400A00F0F8FA86
:10C1C8006A4604F12C0104F13C0084ED0C0A00F0ED
:10C1D8002BFA02B0BDEC028B10BD00BFDB0FC940CB
:10C1E800F81300202C1600206016002070B5DB4DD7
:10C1F800DB4ED5ED116A95ED0C4AD6ED0D2A95ED7D
:10C20800127A96ED0E3A95ED0D6A95ED0B2AD6ED5C
:10C218000F5AD5ED133AD34A95ED010A1368D24C5B
:10C228001B68F0EE664AE2EEC44AB0EE475A64EE86
:10C23800E47AA3EE445AE6EE067A96ED106AF6EE34
:10C24800001A63EEA13AE5EE457AE2EEC25AA3EE91
:10C25800426A64EEA34A25EE235AE7EEA45AA7EEF3
:10C26800856A07EE903A95ED145AD2ED014ABF4B14
:10C27800F8EE677AE5EE256AA5EE067A67EEA47A07
:10C288002DED048BC3ED007AB0EE669A1B68C5ED00
:10C29800116AF0EE478AA2EEC49A3360E3EE448A4C
:10C2A80085ED127AFCF762FBB0EE408A95ED010A43
:10C2B800FCF710FB60EE497A95ED0D7AE8EE887A86
:10C2C80005F10C0087EE870A00F036FA95ED147A2E
:10C2D800D5ED015ADFEDA67A95ED0F4AD6ED0F6A36
:10C2E800D4ED0A4AD4ED173AE0EE075AB7EE006AE1
:10C2F800F4EEE75AF1EE10FAC8BF75EEE75A95ED7D
:10C308000A7AF5EEC05AF1EE10FA44BFDFED987ADA
:10C3180075EEA75AD5ED097AC5ED015A36EE676A6A
:10C32800D4ED0B5A26EE076A94ED167AA0EE276A2A
:10C3380076EEC76A86EE045AD6ED107A94ED097A3D
:10C3480094ED144A85ED0A6A66EEA46A77EEE37AFC
:10C35800E7EE046A67EEA47AD4ED154A9FED854AA4
:10C36800C4ED126AE7EE247A96ED0D7ADFED824A83
:10C37800C4ED137A36EEC77A25EE045AB4EEE47AA1
:10C38800F1EE10FA85ED025A00F3E280DFED7B6AE8
:10C39800B4EE667AF1EE10FA48BFB0EE667A96ED22
:10C3A8000E6ADFED756A77EEC67A25EE876AF4EED7
:10C3B800E67AF1EE10FA00F3CE809FED707AF4EE93
:10C3C800477AF1EE10FA48BFF0EE477AD4ED0C4AFE
:10C3D80094ED0E5AD4ED0D3A94ED0F4A684B94ED56
:10C3E800010AF7EE006A36EEE48A36EEC57A28EEE0
:10C3F800238A27EE047A65EEA77AA6EE248A13E943
:10C408000300A7EE857A83E8030084ED0F7A84EDB4
:10C41800177A84ED0D8A84ED168AFCF7A7FAF0EEF8
:10C42800408A94ED010AFCF755FAD4ED177A94ED99
:10C43800027A544867EEC07AB5EEC07AE8EE687AB8
:10C44800F1EE10FAB0EE670A48BFB1EE670A00F0E5
:10C4580073F994ED107AD4ED116A94ED186ADFED52
:10C468004A0AF7EE007A77EEC77AF1EE0C5A67EED1
:10C47800A67ADFED406AE0EE077A94ED197AC4ED0A
:10C48800117A67EEA66AA0EE067A86EEA56ADFED57
:10C49800386A84ED026AB4EEE67AF1EE10FAC8BFA3
:10C4A80037EE667AB0EE408AB5EEC07AF1EE10FA51
:10C4B80044BFDFED2F7A37EE277A84ED197AFFF73C
:10C4C800ABF894ED187AD4ED197A304A304B70EE07
:10C4D800277A28EE078AB7EE087AE8EE077A92E814
:10C4E80003009FED237AF4EEC77AF1EE10FAC8BF85
:10C4F80077EEC77A4FF08342F5EEC07AF1EE10FA84
:10C5080048BF9FED1B7A326048BF77EE877A83E891
:10C518000300A3F134011F48C4ED017AFBF758FE6C
:10C528001D48436B596A89B2FCF748F996ED0F0A22
:10C53800D6ED100A1948FBF721FCBDEC048B184B0B
:10C5480041881B6882880088D86399635A6370BDE4
:10C55800B0EE647A23E7F0EE667A37E7D815002064
:10C56800F813002044170020B416002040170020BC
:10C57800DB0FC940EBC91841CDCCCC3DCDCCCCBDEF
:10C5880004170020C01600200000FA449014002070
:10C598002C14002058140020100000201C17002024
:10C5A800A813002010B52DED028B0446B0EE408A8A
:10C5B800FCF790F9F0EE407AC4ED007AB0EE480A44
:10C5C800FCF7D4F9BDEC028B84ED010A10BD00BF65
:10C5D800D1ED017AD1ED026A9FED057A0B6803600F
:10C5E80077EEE67A67EE877AC0ED017A704700BF8A
:10C5F8003ACD133FD1ED016A92ED007AD2ED017A7E
:10C6080091ED006A26EE877AA6EE277A67EEA67A7B
:10C6180080ED007AD1ED006A92ED007AE6EEC77AF5
:10C62800C0ED017A704700BF91ED017AD2ED007A32
:10C63800D2ED016A91ED006A67EEC77AE6EE267AD6
:10C64800C0ED007AD1ED007A92ED006A67EE867A45
:10C65800E6EE877AC0ED017A704700BFDFED0B6A1E
:10C66800D0ED107A90ED0F7A67EEA67AFEEE006AAA
:10C67800B0EE676AA7EE266AD7EE267A80ED067ACC
:10C6880080ED076AC0ED087A704700BFD7B35D3FF9
:10C6980028B1002343404008FCD103F00100704753
:10C6A80000B587B00346002210214FF09040ADF846
:10C6B8000E30F7F7F1F84FF47A7300930B48012323
:10C6C8000DF116020DF10E01F9F742FA10B100232F
:10C6D800ADF816304FF0904001221021F7F7DCF842
:10C6E800BDF8160007B05DF804FB00BF5C1200201F
:10C6F80038B540F480452C46002363406408FCD1DB
:10C70800DB0758BF40F440452846FFF7C9FF2846D5
:10C71800FFF7C6FFC0F30E03C0F3CF3223B15C406E
:10C728005B08FCD104F001039A420CBFC0F30D0072
:10C738004FF6FF7038BD00BF90ED017AD0ED057A55
:10C7480090ED046AD0ED006A20EE077A20EE260A02
:10C75800E7EE067A90ED037AC0ED057AF4EEC77A33
:10C76800F1EE10FAC4BFF0EE477A80ED057AB1EE2B
:10C77800477AB4EEE77AF1EE10FAC8BFF0EE477ADE
:10C7880030EE270AC8BF80ED057A90ED027AB4EE44
:10C79800407AF1EE10FA48BFB0EE470AF1EE477A58
:10C7A800F4EE407AF1EE10FAC8BFB0EE670A7047AF
:10C7B80090ED007AD0ED0C6A90ED015AD0ED097A2F
:10C7C80090ED084AD0ED065AD0ED054A70EE666A3B
:10C7D80027EE055AB0EE406A25EE265AE5EE047AB1
:10C7E800F0EE676AF4EEE56AF1EE10FAC0ED096A58
:10C7F800C4BFF0EE656AC0ED095AF1EE655AF4EE71
:10C80800E65AF1EE10FAC4BFF0EE656AC0ED095AB7
:10C81800D0ED0A5A80ED0A6A70EE655A67EE007A22
:10C8280085EE845AB7EE007AD0ED0B5A90ED024AA5
:10C8380090ED040A80ED0B5A37EE647A77EEA67A0B
:10C8480027EE257AD0ED035AD0ED076AA4EE857A53
:10C85800E4EE077AB4EEE70AF1EE10FA58BFB0EE4C
:10C86800670AF4EE405AF1EE10FAC8BFB0EE650A56
:10C8780077EEC07AF5EEC07AF1EE10FAD8BFF1EE95
:10C88800677A66EEA77AC0ED0C7A704790ED066A73
:10C8980090ED077A90ED045AF0EE007AF0EE406AD7
:10C8A800E6EE676AD0ED027A76EE876A70EE465A4F
:10C8B80066EEA76AD0ED017A86EE857A65EEA77AEC
:10C8C800D0ED006A67EE857A90ED055AE6EEA57A16
:10C8D800D0ED036A77EE277A77EE857AF4EEE67A7A
:10C8E800F1EE10FAC0ED057A06DCF1EE666AF4EEB8
:10C8F800E67AF1EE10FA08D580ED060AC0ED056A71
:10C9080080ED076AB0EE660A7047F0EE676A80ED60
:0CC91800060A80ED076AB0EE660A704760
:10C9240000000000000000000102030406070809DB
:10C934000001020304050607080C101418203040F7
:10C944003138496E6C696E6543757272656E7453E5
:10C95400656E736500000000D8DC000844C9000857
:10C9640074C90008000000005CC90008FD7A0008D2
:10C9740078DC00087CC90008313450686173655361
:10C98400656E736542617365000000003132504981
:10C99400436F6E74726F6C6C6572000078DC000813
:10C9A40090C900083133416E676C6550726F7669C7
:10C9B4006465720078DC0008A8C900083131456E4E
:10C9C400636F64657242617365000000D8DC00081F
:10C9D400C0C90008B8C900083130416269456E63B6
:10C9E4006F64657200000000D8DC0008DCC9000830
:10C9F400D0C900083133417335343037456E636F25
:10CA040064657200D8DC0008F8C90008D0C90008C1
:10CA140031354E6F6E466C75784F6273657276650C
:10CA24007200000050DD000814CA00080000000075
:10CA340002000000B8C9000802000000A0C90008F4
:10CA4400000C0000313250756C736174696E674874
:10CA54004649000050DD000848CA000800000000F4
:10CA640002000000B8C9000802000000A0C90008C4
:10CA7400000C00003137536C6964654D6F76654F67
:10CA8400627365727665720050DD000878CA00082A
:10CA94000000000002000000B8C900080200000005
:10CAA400A0C90008000C000000000000ECC9000848
:10CAB400317D0008357D0008197D00080000000064
:10CAC40008CA00082D7D0008457D0008197D00086E
:10CAD4000000000028CA0008297D0008757D0008B0
:10CAE4000000000058CA0008257D0008657D000884
:10CAF400000000008CCA0008217D0008557D000854
:10CB040000000000920E493CB10AC93C2BC3163DFB
:10CB14002EFB483D752B7B3D04A9963D80B6AF3D69
:10CB240036BDC83D2FBCE13D73B2FA3D87CF093E07
:10CB34008340163EB5AB223EA2102F3ECF6E3B3E45
:10CB4400C2C5473E0115543E135C603E7F9A6C3E5D
:10CB5400CCCF783EC07D823E938E883E229A8E3E14
:10CB640032A0943E86A09A3EE59AA03E128FA63E3D
:10CB7400D47CAC3EEF63B23E2A44B83E491DBE3E6F
:10CB840015EFC33E53B9C93ECA7BCF3E4136D53EAD
:10CB940080E8DA3E4F92E03E7533E63EBBCBEB3E97
:10CBA400EA5AF13ECBE0F63E275DFC3EE4E7003F67
:10CBB4003D9C033F824B063F9BF5083F6B9A0B3F1E
:10CBC400DA390E3FCDD3103F2A68133FD9F6153F0B
:10CBD400C07F183FC6021B3FD17F1D3FCBF61F3FCE
:10CBE4009967223F25D2243F5636273F1594293F83
:10CBF4004AEB2B3FDE3B2E3FBB85303FC9C8323F5B
:10CC0400F304353F233A373F4268393F3B8F3B3F7C
:10CC1400F9AE3D3F67C73F3F70D8413F01E2433F14
:10CC240003E4453F65DE473F12D1493FF8BB4B3F24
:10CC3400029F4D3F207A4F3F3D4D513F4918533F8E
:10CC440031DB543FE595563F5348583F6AF2593F0C
:10CC54001A945B3F532D5D3F05BE5E3F2146603F06
:10CC640097C5613F5A3C633F59AA643F880F663FAA
:10CC7400D86B673F3CBF683FA7096A3F0C4B6B3FCB
:10CC84005E836C3F93B26D3F9ED86E3F73F56F3FEA
:10CC94000809713F5213723F4714733FDD0B743F11
:10CCA4000BFA743FC6DE753F07BA763FC58B773FF4
:10CCB400F853783F9812793F9DC7793F02737A3FC2
:10CCC400BE147B3FCDAC7B3F283B7C3FC9BF7C3F40
:10CCD400AC3A7D3FCCAB7D3F23137E3FB0707E3FAB
:10CCE4006DC47E3F580E7F3F6D4E7F3FAB847F3FC8
:10CCF4000FB17F3F97D37F3F43EC7F3F11FB7F3FD3
:10CD04000000803F11FB7F3F43EC7F3F97D37F3F81
:10CD14000FB17F3FAB847F3F6D4E7F3F580E7F3F07
:10CD24006DC47E3FB0707E3F23137E3FCCAB7D3F0E
:10CD3400AC3A7D3FC9BF7C3F283B7C3FCDAC7B3FB9
:10CD4400BE147B3F02737A3F9DC7793F9812793FA7
:10CD5400F853783FC58B773F07BA763FC6DE753FF9
:10CD64000BFA743FDD0B743F4714733F5213723F49
:10CD74000809713F73F56F3F9ED86E3F93B26D3FC4
:10CD84005E836C3F0C4B6B3FA7096A3F3CBF683F17
:10CD9400D86B673F880F663F59AA643F5A3C633F8C
:10CDA40097C5613F2146603F05BE5E3F532D5D3F01
:10CDB4001A945B3F6AF2593F5348583FE595563FF2
:10CDC40031DB543F4918533F3D4D513F207A4F3F8B
:10CDD400029F4D3FF8BB4B3F12D1493F65DE473FB1
:10CDE40003E4453F01E2433F70D8413F67C73F3FFB
:10CDF400F9AE3D3F3B8F3B3F4268393F233A373FD3
:10CE0400F304353FC9C8323FBB85303FDE3B2E3F7C
:10CE14004AEB2B3F1594293F5636273F25D2243F12
:10CE24009967223FCBF61F3FD17F1D3FC6021B3FB0
:10CE3400C07F183FD9F6153F2A68133FCDD3103F62
:10CE4400DA390E3F6B9A0B3F9BF5083F824B063F46
:10CE54003D9C033FE4E7003F275DFC3ECBE0F63E0C
:10CE6400EA5AF13EBBCBEB3E7533E63E4F92E03ED1
:10CE740080E8DA3E4136D53ECA7BCF3E53B9C93E3F
:10CE840015EFC33E491DBE3E2A44B83EEF63B23E91
:10CE9400D47CAC3E128FA63EE59AA03E86A09A3E74
:10CEA40032A0943E229A8E3E938E883EC07D823E6E
:10CEB400CCCF783E7F9A6C3E135C603E0115543EA5
:10CEC400C2C5473ECF6E3B3EA2102F3EB5AB223EBD
:10CED4008340163E87CF093E73B2FA3D2FBCE13D35
:10CEE40036BDC83D80B6AF3D04A9963D752B7B3D4C
:10CEF4002EFB483D2BC3163DB10AC93C920E493C5A
:10CF040000000000920E49BCB10AC9BC2BC316BD77
:10CF14002EFB48BD752B7BBD04A996BD80B6AFBD65
:10CF240036BDC8BD2FBCE1BD73B2FABD87CF09BE03
:10CF3400834016BEB5AB22BEA2102FBECF6E3BBE41
:10CF4400C2C547BE011554BE135C60BE7F9A6CBE59
:10CF5400CCCF78BEC07D82BE938E88BE229A8EBE10
:10CF640032A094BE86A09ABEE59AA0BE128FA6BE39
:10CF7400D47CACBEEF63B2BE2A44B8BE491DBEBE6B
:10CF840015EFC3BE53B9C9BECA7BCFBE4136D5BEA9
:10CF940080E8DABE4F92E0BE7533E6BEBBCBEBBE93
:10CFA400EA5AF1BECBE0F6BE275DFCBEE4E700BF63
:10CFB4003D9C03BF824B06BF9BF508BF6B9A0BBF1A
:10CFC400DA390EBFCDD310BF2A6813BFD9F615BF07
:10CFD400C07F18BFC6021BBFD17F1DBFCBF61FBFCA
:10CFE400996722BF25D224BF563627BF159429BF7F
:10CFF4004AEB2BBFDE3B2EBFBB8530BFC9C832BF57
:10D00400F30435BF233A37BF426839BF3B8F3BBF78
:10D01400F9AE3DBF67C73FBF70D841BF01E243BF10
:10D0240003E445BF65DE47BF12D149BFF8BB4BBF20
:10D03400029F4DBF207A4FBF3D4D51BF491853BF8A
:10D0440031DB54BFE59556BF534858BF6AF259BF08
:10D054001A945BBF532D5DBF05BE5EBF214660BF02
:10D0640097C561BF5A3C63BF59AA64BF880F66BFA6
:10D07400D86B67BF3CBF68BFA7096ABF0C4B6BBFC7
:10D084005E836CBF93B26DBF9ED86EBF73F56FBFE6
:10D09400080971BF521372BF471473BFDD0B74BF0D
:10D0A4000BFA74BFC6DE75BF07BA76BFC58B77BFF0
:10D0B400F85378BF981279BF9DC779BF02737ABFBE
:10D0C400BE147BBFCDAC7BBF283B7CBFC9BF7CBF3C
:10D0D400AC3A7DBFCCAB7DBF23137EBFB0707EBFA7
:10D0E4006DC47EBF580E7FBF6D4E7FBFAB847FBFC4
:10D0F4000FB17FBF97D37FBF43EC7FBF11FB7FBFCF
:10D10400000080BF11FB7FBF43EC7FBF97D37FBF7D
:10D114000FB17FBFAB847FBF6D4E7FBF580E7FBF03
:10D124006DC47EBFB0707EBF23137EBFCCAB7DBF0A
:10D13400AC3A7DBFC9BF7CBF283B7CBFCDAC7BBFB5
:10D14400BE147BBF02737ABF9DC779BF981279BFA3
:10D15400F85378BFC58B77BF07BA76BFC6DE75BFF5
:10D164000BFA74BFDD0B74BF471473BF521372BF45
:10D17400080971BF73F56FBF9ED86EBF93B26DBFC0
:10D184005E836CBF0C4B6BBFA7096ABF3CBF68BF13
:10D19400D86B67BF880F66BF59AA64BF5A3C63BF88
:10D1A40097C561BF214660BF05BE5EBF532D5DBFFD
:10D1B4001A945BBF6AF259BF534858BFE59556BFEE
:10D1C40031DB54BF491853BF3D4D51BF207A4FBF87
:10D1D400029F4DBFF8BB4BBF12D149BF65DE47BFAD
:10D1E40003E445BF01E243BF70D841BF67C73FBFF7
:10D1F400F9AE3DBF3B8F3BBF426839BF233A37BFCF
:10D20400F30435BFC9C832BFBB8530BFDE3B2EBF78
:10D214004AEB2BBF159429BF563627BF25D224BF0E
:10D22400996722BFCBF61FBFD17F1DBFC6021BBFAC
:10D23400C07F18BFD9F615BF2A6813BFCDD310BF5E
:10D24400DA390EBF6B9A0BBF9BF508BF824B06BF42
:10D254003D9C03BFE4E700BF275DFCBECBE0F6BE08
:10D26400EA5AF1BEBBCBEBBE7533E6BE4F92E0BECD
:10D2740080E8DABE4136D5BECA7BCFBE53B9C9BE3B
:10D2840015EFC3BE491DBEBE2A44B8BEEF63B2BE8D
:10D29400D47CACBE128FA6BEE59AA0BE86A09ABE70
:10D2A40032A094BE229A8EBE938E88BEC07D82BE6A
:10D2B400CCCF78BE7F9A6CBE135C60BE011554BEA1
:10D2C400C2C547BECF6E3BBEA2102FBEB5AB22BEB9
:10D2D400834016BE87CF09BE73B2FABD2FBCE1BD31
:10D2E40036BDC8BD80B6AFBD04A996BD752B7BBD48
:10D2F4002EFB48BD2BC316BDB10AC9BC920E49BC56
:10D304000000008000040048040000000000F40154
:10D3140000040048010000000000F401000400487B
:10D32400020000000000F4012A00000020000000B8
:10D33400202020202020202020202000726F6F74C5
:10D3440000000000434F4E54524F4C202020200038
:10D354004D4F544F5220504152414D00454E434F82
:10D36400444552202020200043414E20494420209F
:10D374002020200073656E736F722020202020000F
:10D3840073656E73656C65737320200063757272C8
:10D39400656E744C6F6F700073706565644C6F6F6D
:10D3A40070000000706F734C6F6F70005345543AF7
:10D3B4002020202020202000534554205354455041
:10D3C4003A20200053544152542020202020200091
:10D3D40053544F5000000000000000000000000003
:10D3E400002F000000000700070000147F147F14C2
:10D3F40000242A7F2A120062640813230036495548
:10D40400225000000503000000001C22410000001F
:10D4140041221C000014083E08140008083E0808B5
:10D42400000000A060000008080808080000606010
:10D434000000002010080402003E5149453E00004F
:10D44400427F4000004261514946002141454B3131
:10D45400001814127F10002745454539003C4A49FD
:10D46400493000017109050300364949493600066F
:10D474004949291E000036360000000056360000D7
:10D484000008142241000014141414140000412252
:10D49400140800020151090600324959513E007C2A
:10D4A4001211127C007F49494936003E4141412214
:10D4B400007F4141221C007F49494941007F0909FD
:10D4C4000901003E4149497A007F0808087F0000AD
:10D4D400417F4100002040413F01007F0814224168
:10D4E400007F40404040007F020C027F007F040820
:10D4F400107F003E4141413E007F09090906003E7C
:10D504004151215E007F09192946004649494931A4
:10D514000001017F0101003F4040403F001F2040C7
:10D52400201F003F4038403F006314081463000785
:10D534000870080700615149454300007F414100DC
:10D5440000552A552A55000041417F00000402017C
:10D55400020400404040404000000102040000205A
:10D5640054545478007F4844443800384444442098
:10D5740000384444487F00385454541800087E0945
:10D5840001020018A4A4A47C007F0804047800000D
:10D59400447D4000004080847D00007F10284400CA
:10D5A4000000417F4000007C04180478007C0804DB
:10D5B400047800384444443800FC24242418001817
:10D5C400242418FC007C0804040800485454542003
:10D5D40000043F444020003C4040207C001C20408C
:10D5E400201C003C4030403C004428102844001CCF
:10D5F400A0A0A07C004464544C44141414141414C7
:10D604000000000000000000000000000000000016
:10D61400000000F8000000000000003330000000AB
:10D6240000100C06100C06000000000000000000B2
:10D6340040C07840C0784000043F04043F04040024
:10D64400007088FC08300000001820FF211E000034
:10D65400F008F000E018000000211C031E211E0049
:10D6640000F00888700000001E21232419272110CF
:10D6740010160E0000000000000000000000000072
:10D68400000000E018040200000000071820400019
:10D6940000020418E0000000004020180700000009
:10D6A400404080F0804040000202010F010202006D
:10D6B400000000F0000000000101011F0101010051
:10D6C400000000000000000080B0700000000000B6
:10D6D400000000000000000000010101010101013F
:10D6E40000000000000000000030300000000000D6
:10D6F40000000000806018040060180601000000AB
:10D7040000E010080810E000000F102020100F00A7
:10D71400001010F8000000000020203F202000002E
:10D724000070080808887000003028242221300086
:10D7340000300888884830000018202020110E008E
:10D744000000C02010F8000000070424243F240037
:10D7540000F80888880808000019212020110E000C
:10D7640000E0108888180000000F112020110E001E
:10D7740000380808C83808000000003F0000000016
:10D784000070880808887000001C222121221C00D7
:10D7940000E010080810E0000000312222110F0000
:10D7A400000000C0C0000000000000303000000095
:10D7B4000000008000000000000080600000000005
:10D7C400000080402010080000010204081020001E
:10D7D4004040404040404000040404040404040069
:10D7E40000081020408000000020100804020100FE
:10D7F400007048080808F0000000003036010000FE
:10D80400C030C828E810E0000718272423140B00B0
:10D814000000C038E0000000203C2302022738202A
:10D8240008F8888888700000203F202020110E000E
:10D83400C030080808083800071820202010080005
:10D8440008F808080810E000203F202020100F00EE
:10D8540008F88888E8081000203F202023201800BA
:10D8640008F88888E8081000203F20000300000022
:10D87400C03008080838000007182020221E0200C3
:10D8840008F808000008F808203F210101213F2082
:10D89400000808F8080800000020203F20200000AD
:10D8A40000000808F8080800C08080807F0000009D
:10D8B40008F888C028180800203F200126382000D6
:10D8C40008F8080000000000203F2020202030003D
:10D8D40008F8F800F8F80800203F003F003F200057
:10D8E40008F830C00008F808203F200007183F005F
:10D8F400E01008080810E0000F10202020100F008E
:10D9040008F808080808F000203F21010101000080
:10D91400E01008080810E0000F18242438504F00C5
:10D9240008F8888888887000203F2000030C302085
:10D9340000708808080838000038202121221C00C3
:10D94400180808F8080818000000203F200000000C
:10D9540008F808000008F808001F202020201F00F5
:10D964000878880000C83808000007380E01000055
:10D97400F80800F80008F800033C0700073C03001F
:10D98400081868808068180820302C03032C302085
:10D994000838C800C83808000000203F20000000F4
:10D9A40010080808C838080020382621202018004C
:10D9B400000000FE020202000000007F4040400020
:10D9C400000C30C000000000000000010638C00058
:10D9D40000020202FE000000004040407F00000000
:10D9E4000000040202020400000000000000000025
:10D9F4000000000000000000808080808080808023
:10DA0400000202040000000000000000000000000A
:10DA140000008080808000000019242222223F2000
:10DA240008F8008080000000003F112020110E0043
:10DA34000000008080800000000E112020201100D2
:10DA4400000000808088F800000E112020103F2084
:10DA54000000808080800000001F22222222130008
:10DA6400008080F0888888180020203F2020000053
:10DA74000000808080808000006B94949493600008
:10DA840008F8008080800000203F210000203F2013
:10DA940000809898000000000020203F2020000013
:10DAA400000000809898000000C08080807F000003
:10DAB40008F8000080808000203F24022D302000E0
:10DAC400000808F8000000000020203F202000008B
:10DAD4008080808080808000203F20003F20003FA5
:10DAE4008080008080800000203F210000203F20B3
:10DAF4000000808080800000001F202020201F0064
:10DB0400808000808000000080FFA12020110E0092
:10DB14000000008080808000000E112020A0FF8083
:10DB2400808080008080800020203F212000010030
:10DB34000000808080808000003324242424190085
:10DB4400008080E0808000000000001F2020000092
:10DB54008080000000808000001F202020103F20D3
:10DB6400808080000080808000010E300806010063
:10DB740080800080008080800F300C030C300F0008
:10DB840000808000808080000020312E0E31200033
:10DB9400808080000080808080818E701806010063
:10DBA40000808080808080000021302C2221300081
:10DBB40000000000807C020200000000003F4040A2
:10DBC40000000000FF00000000000000FF00000053
:10DBD4000002027C800000000040403F0000000082
:10DBE400000601010202040400000000000000001D
:10DBF40053544D6963726F656C656374726F6E69BB
:10DC04006373000053544D33322056697274756146
:10DC14006C20436F6D506F727400000043444320C6
:10DC2400436F6E666967000043444320496E746520
:10DC3400726661636500000000030103D8DC00081C
:10DC44004CDC0008FCDC00084E31305F5F63787800
:10DC5400616269763131375F5F636C6173735F74DE
:10DC64007970655F696E666F450000000000000012
:10DC740040DC000829AE00083DAE000805B00008ED
:10DC840005B00008B9AE0008E9AD00089DAE000873
:10DC940059AE00081DAE0008D8DC0008A8DC000856
:10DCA40040DC00084E31305F5F63787861626976EA
:10DCB4003132305F5F73695F636C6173735F747972
:10DCC40070655F696E666F4500000000000000002B
:10DCD4009CDC0008E9AE0008FDAE000805B00008B1
:10DCE40005B00008B9AE0008E9AD0008D5AF0008DA
:10DCF40055AF000819AF000878DC000804DD0008FF
:10DD0400537439747970655F696E666F0000000042
:10DD1400D8DC000820DD000840DC00084E31305F0C
:10DD24005F637878616269763132315F5F766D69FD
:10DD34005F636C6173735F747970655F696E666F3E
:10DD4400450000000000000014DD000835B00008A4
:10DD540049B0000805B0000805B00008B9AE0008D5
:10DD6400E9AD0008BDB40008EDB0000865B00008D6
:10DD7400DB0F49BFE4CB1640E4CB16C000000080A3
:10DD8400DB0F4940DB0F49C03863ED3EDA0F493FF2
:10DD94005E987B3FDA0FC93F6937AC316821223383
:0CDDA400B40F14336821A23300040020E7
:10DDB000C9010181B0B0A88000000000C901018143
:10DDC000B0B0AA8100000000C9010181B0B0A880F4
:10DDD00000000000C9010181B0B0A880000000006F
:10DDE000C9010181B0B0A88000000000C902018112
:10DDF000B0B0AB8100000000C9080181B0B0AF80B5
:10DE00000000000008B10181B0B0008400000000F3
:0CDE100008B10181B0B0008400000000E7
:10DE1C000424FF7F010000009424FF7FB0A902803E
:10DE2C002825FF7FB0B0A8807825FF7F0100000077
:10DE3C008425FF7FB0B0AA80B825FF7FAE71B28079
:10DE4C007C26FF7F010000007826FF7FAB3F3880E7
:10DE5C00D826FF7F01000000E026FF7FB0B0AA802B
:10DE6C001C27FF7F01000000C827FF7FAA0DB2808E
:10DE7C004428FF7FB0AF0880E42AFF7F0100000038
:10DE8C00E82AFF7FAD3F0280642DFF7F0100000078
:10DE9C00402FFF7F00840480542FFF7F010000007F
:10DEAC00502FFF7FB0AD0480F431FF7FB0A803800A
:10DEBC001832FF7F44FFFF7F1C32FF7F48FFFF7F3C
:10DECC002832FF7F01000000AC3CFF7FB0A813801C
:10DEDC00183DFF7FB0B0AA808C3DFF7F0100000091
:10DEEC007C9DFF7FB0B0AC80109EFF7F01000000D6
:10DEFC00DCA2FF7FECFEFF7F54A6FF7F0100000039
:10DF0C0048A8FF7FB0A90280B0A8FF7F01000000E5
:10DF1C00B0B7FF7FB0AB02805CB9FF7FB0AC0180C3
:10DF2C0020BBFF7FB0AA0180E4BBFF7FB0AF0280B3
:10DF3C0074BEFF7FB0B0AA8024C0FF7FB0AA01805E
:10DF4C0004C3FF7F010000005CC3FF7FB0AE0580FF
:10DF5C00ECC3FF7FB0AF068090C4FF7FB0AE0580EE
:10DF6C007CC7FF7F0100000074CEFF7FB0AA038046
:10DF7C00A0CEFF7F0100000050D0FF7FB0B0AC807E
:10DF8C0074D0FF7F01000000D0D0FF7FB0AF0280C3
:10DF9C0050D1FF7FB0AF128018D5FF7F50FEFF7FAE
:10DFAC0070D6FF7F0100000014DFFF7FF8FDFF7FBC
:10DFBC0070DFFF7FFCFDFF7F88E0FF7F00FEFF7FAF
:10DFCC00FCE0FF7F04FEFF7F7CE1FF7F08FEFF7F0C
:10DFDC0018E2FF7FAA81C980C8E5FF7FA880C980AD
:08DFEC00ECE5FF7F01000000DD
:10DFF400B1BB000805020008751C0008598500081B
:08E004007196000851A200080A
:04E00C00E101000826
:10E01000000000000024F4000100000010000000D7
:10E02000B4CA00080000000000000000000000006A
:10E0300000000100000000000000000000000000DF
:10E0400000000000000000000000000000000000D0
:10E050000000000000000000192216429A99C940F1
:10E06000BA499C3F17B7D1380000E04000000000DB
:10E07000660E1C3ECA529743000000003ACD13C101
:10E080003ACD1341000000003ACD13410000003F9B
:10E0900017B7513800007A4400C82F480060EA469C
:10E0A00000401C4617B751380000964400247448BD
:10E0B00000007A4400007A4417B7513800007A44CF
:10E0C00000C82F480060EA4600401C4617B7513888
:10E0D00081170D3F00583F41D7A3864149E6C74409
:10E0E000E6239C4900803B4600401C4617B7D138C8
:10E0F0008000005084000050880000503333533AB1
:10E100006F12833A0000A0418401005000002041BA
:10E110003333534000405345800100503D0AA13B3A
:10E12000A00F000007000000002C0140004000008C
:10E1300007000000F9C60008BC74933B4260653BD1
:10E1400000000000000070416F12033AC8CA0008C6
:10E1500000000000000000000000000000000100BE
:10E1600000000000000000000000000000000000AF
:10E17000000000000000000000000000000000009F
:10E1800000000000758C0008318C0008258B000809
:10E1900000000000358A0008C18A0008958A00083E
:10E1A000000000000000000000000000718A00086C
:10E1B000658A00087D8A0008898A000809024300F0
:10E1C000020100C03209040000010202010005241E
:10E1D00000100105240100010424020205240600A8
:10E1E000010705820308001009040100020A00006B
:10E1F0000007050102400000070581024000000001
:10E2000009024300020100C03209040000010202B9
:10E21000010005240010010524010001042402026C
:10E220000524060001070582030800100904010007
:10E23000020A000000070501020002000705810232
:10E24000000200000A060002000000400100000079
:10E2500009074300020104C0320904000001020260
:10E26000010005240010010524010001042402021C
:10E2700005240600010705820308001009040100B7
:10E28000020A0000000705010240000007058102A4
:10E290004000000080030020681700207C17002049
:10E2A00050170020540E0020000400480400000015
:10E2B00000040048020000000004004801000000C3
:10E2C000B0D3000802000000001800209A99993E7F
:10E2D000BCD30008020000000000000000000000A5
:10E2E000C8D300080100000000000000000000008A
:10E2F000D4D300080100000000000000000000006E
:10E3000078D3000800000000500300200300000044
:10E3100084D3000800000000500300200300000028
:10E3200048D3000800000000F002002002000000B6
:10E3300054D30008000000000000000000000000AE
:10E3400060D3000800000000000000000000000092
:10E350006CD3000800000000000000000000000076
:10E3600090D3000800000000B0020020040000006C
:10E370009CD3000800000000B00200200400000050
:10E38000A8D3000800000000B00200200400000034
:10E3900040D300080000000010030020040000002B
:10E3A00099A9000871A9000875A900087DA90008AD
:10E3B00079A90008C1A90008CDA90008D9A90008B9
:10E3C000F5A9000849AA000811AA00082DAA00080A
:10E3D00000000000120100020202004083044057C6
:10E3E0000002010203010000040309041A030000F3
:10E3F000000000000000000000000000000000001D
:10E4000000000000000000000004002000000000E8
:10E4100000000000EC06002054070020BC0700208C
:10E4200000000000000000000000000000000000EC
:10E4300000000000000000000000000000000000DC
:10E4400000000000000000000000000000000000CC
:10E4500000000000000000000000000000000000BC
:10E4600000000000000000000000000000000000AC
:10E47000000000000000000000000000000000009C
:10E48000000000000000000000000000000000008C
:10E49000000000000000000000000000000000007C
:10E4A000000000000000000000000000000000006C
:10E4B000000000000000000001000000000000005B
:10E4C0000E33CDAB34126DE6ECDE05000B00000020
:10E4D000000000000000000000000000000000003C
:10E4E000000000000000000000000000000000002C
:10E4F000000000000000000000000000000000001C
:10E50000000000000000000000000000000000000B
:10E5100000000000000000000000000000000000FB
:10E5200000000000000000000000000000000000EB
:10E5300000000000000000000000000000000000DB
:10E5400000000000000000000000000000000000CB
:10E5500000000000000000000000000000000000BB
:10E5600000000000000000000000000000000000AB
:10E57000000000000000000000000000000000009B
:10E58000000000000000000000000000000000008B
:10E59000000000000000000000000000000000007B
:10E5A000000000000000000000000000000000006B
:10E5B000000000000000000000000000000000005B
:10E5C000000000000000000000000000000000004B
:10E5D000000000000000000000000000000000003B
:10E5E000000000000000000000000000000000002B
:10E5F000000000000000000000000000000000001B
:10E60000000000000000000000000000000000000A
:10E6100000000000000000000000000000000000FA
:10E6200000000000000000000000000000000000EA
:10E6300000000000000000000000000000000000DA
:10E6400000000000000000000000000000000000CA
:10E6500000000000000000000000000000000000BA
:10E6600000000000000000000000000000000000AA
:10E67000000000000000000000000000000000009A
:10E68000000000000000000000000000000000008A
:10E69000000000000000000000000000000000007A
:10E6A000000000000000000000000000000000006A
:10E6B000000000000000000000000000000000005A
:10E6C000000000000000000000000000000000004A
:10E6D000000000000000000000000000000000003A
:10E6E000000000000000000000000000000000002A
:10E6F000000000000000000000000000000000001A
:10E700000000000000000000000000000000000009
:10E7100000000000000000000000000000000000F9
:10E7200000000000000000000000000000000000E9
:10E7300000000000000000000000000000000000D9
:10E7400000000000000000000000000000000000C9
:10E7500000000000000000000000000000000000B9
:10E7600000000000000000000000000000000000A9
:10E770000000000000000000000000000000000099
:10E780000000000000000000000000000000000089
:10E790000000000000000000000000000000000079
:10E7A0000000000000000000000000000000000069
:10E7B0000000000000000000000000000000000059
:10E7C0000000000000000000000000000000000049
:10E7D0000000000000000000000000000000000039
:10E7E0000000000000000000000000000000000029
:10E7F0000000000000000000000000000000000019
:10E800000000000000000000000000000000000008
:10E8100000000000000000000000000000000000F8
:10E8200000000000000000000000000000000000E8
:10E8300000000000000000000000000000000000D8
:10E840002808002028080020300800203008002078
:10E850003808002038080020400800204008002028
:10E8600048080020480800205008002050080020D8
:10E870005808002058080020600800206008002088
:10E880006808002068080020700800207008002038
:10E8900078080020780800208008002080080020E8
:10E8A0008808002088080020900800209008002098
:10E8B0009808002098080020A0080020A008002048
:10E8C000A8080020A8080020B0080020B0080020F8
:10E8D000B8080020B8080020C0080020C0080020A8
:10E8E000C8080020C8080020D0080020D008002058
:10E8F000D8080020D8080020E0080020E008002008
:10E90000E8080020E8080020F0080020F0080020B7
:10E91000F8080020F8080020000900200009002065
:10E920000809002008090020100900201009002013
:10E9300018090020180900202009002020090020C3
:10E940002809002028090020300900203009002073
:10E950003809002038090020400900204009002023
:10E9600048090020480900205009002050090020D3
:10E970005809002058090020600900206009002083
:10E980006809002068090020700900207009002033
:10E9900078090020780900208009002080090020E3
:10E9A0008809002088090020900900209009002093
:10E9B0009809002098090020A0090020A009002043
:10E9C000A8090020A8090020B0090020B0090020F3
:10E9D000B8090020B8090020C0090020C0090020A3
:10E9E000C8090020C8090020D0090020D009002053
:10E9F000D8090020D8090020E0090020E009002003
:10EA0000E8090020E8090020F0090020F0090020B2
:10EA1000F8090020F8090020000A0020000A002060
:10EA2000080A0020080A0020100A0020100A00200E
:10EA3000180A0020180A0020200A0020200A0020BE
:10EA4000280A0020280A0020300A0020300A00206E
:10EA5000380A0020380A0020400A0020400A00201E
:10EA6000480A0020480A0020500A0020500A0020CE
:10EA7000580A0020580A0020600A0020600A00207E
:10EA8000680A0020680A0020700A0020700A00202E
:10EA9000780A0020780A0020800A0020800A0020DE
:10EAA000880A0020880A0020900A0020900A00208E
:10EAB000980A0020980A0020A00A0020A00A00203E
:10EAC000A80A0020A80A0020B00A0020B00A0020EE
:10EAD000B80A0020B80A0020C00A0020C00A00209E
:10EAE000C80A0020C80A0020D00A0020D00A00204E
:10EAF000D80A0020D80A0020E00A0020E00A0020FE
:10EB0000E80A0020E80A0020F00A0020F00A0020AD
:10EB1000F80A0020F80A0020000B0020000B00205B
:10EB2000080B0020080B0020100B0020100B002009
:10EB3000180B0020180B0020200B0020200B0020B9
:10EB4000280B0020280B0020300B0020300B002069
:10EB5000380B0020380B0020400B0020400B002019
:10EB6000480B0020480B0020500B0020500B0020C9
:10EB7000580B0020580B0020600B0020600B002079
:10EB8000680B0020680B0020700B0020700B002029
:10EB9000780B0020780B0020800B0020800B0020D9
:10EBA000880B0020880B0020900B0020900B002089
:10EBB000980B0020980B0020A00B0020A00B002039
:10EBC000A80B0020A80B0020B00B0020B00B0020E9
:10EBD000B80B0020B80B0020C00B0020C00B002099
:10EBE000C80B0020C80B0020D00B0020D00B002049
:10EBF000D80B0020D80B0020E00B0020E00B0020F9
:10EC0000E80B0020E80B0020F00B0020F00B0020A8
:10EC1000F80B0020F80B0020000C0020000C002056
:10EC2000080C0020080C0020100C0020100C002004
:10EC3000180C0020180C0020200C0020200C0020B4
:0CEC4000FFFFFFFF00000200FC3100207D
:040000050800226D60
:00000001FF
